iterations,best,worst,avg
1,35230.0,42157.0,37627.78
2,35230.0,74880.0,42416.834
3,35230.0,42196.0,35522.356
4,35230.0,42116.0,35610.924
5,35210.0,42895.0,35477.012
6,35210.0,42370.0,35601.594
7,35210.0,42725.0,35445.728
8,35210.0,42462.0,35430.596
9,35210.0,42392.0,35506.092
10,35205.0,42723.0,35511.892
11,35205.0,42259.0,35507.992
12,35205.0,42475.0,35579.136
13,35205.0,41922.0,35532.906
14,35189.0,42299.0,35477.474
15,35189.0,42935.0,35435.858
16,35189.0,42679.0,35466.954
17,35189.0,42525.0,35505.606
18,35189.0,41941.0,35585.692
19,35189.0,42668.0,35444.348
20,35189.0,42476.0,35469.38
21,35189.0,42418.0,35521.71
22,35166.0,41403.0,35435.788
23,35166.0,41836.0,35516.602
24,35166.0,44306.0,35928.472
25,35166.0,42403.0,35457.564
26,35166.0,42308.0,35455.894
27,35166.0,41932.0,35512.84
28,35166.0,42765.0,35412.958
29,35166.0,41868.0,35464.17
30,35038.0,42469.0,35365.682
31,35038.0,44447.0,35698.242
32,35038.0,46567.0,35961.21
33,35038.0,46579.0,35870.262
34,35038.0,42064.0,35271.35
35,35038.0,42817.0,35325.5
36,34819.0,41093.0,35188.124
37,34819.0,45455.0,35920.346
38,34819.0,42056.0,35039.864
39,34819.0,41067.0,35033.742
40,34819.0,41726.0,35071.558
41,34819.0,41874.0,35119.55
42,34819.0,41891.0,35098.304
43,34819.0,42155.0,35055.324
44,34736.0,41080.0,35070.954
45,34736.0,41874.0,35267.776
46,34736.0,41157.0,35030.154
47,34736.0,42251.0,34995.834
48,34736.0,42255.0,35073.814
49,34736.0,42189.0,35008.506
50,34736.0,41737.0,34988.766
51,34736.0,42466.0,34986.166
52,34719.0,42572.0,35029.518
53,34719.0,40374.0,35001.512
54,34719.0,41647.0,35251.352
55,34719.0,40684.0,35039.3
56,34689.0,41747.0,34937.352
57,34689.0,41617.0,35056.55
58,34689.0,43231.0,35378.46
59,34689.0,41857.0,34970.674
60,34689.0,42549.0,35056.924
61,34689.0,41380.0,34951.098
62,34689.0,42252.0,35002.886
63,34689.0,40299.0,34897.778
64,34689.0,41993.0,34979.298
65,34689.0,42293.0,34955.796
66,34689.0,41293.0,34981.776
67,34494.0,42386.0,34921.066
68,34494.0,42049.0,35017.542
69,34494.0,43827.0,35318.342
70,34432.0,40952.0,34711.168
71,34417.0,42212.0,34732.99
72,34355.0,41175.0,34805.844
73,34355.0,41809.0,34799.718
74,34287.0,41894.0,34633.948
75,34287.0,47955.0,35217.194
76,34287.0,48560.0,36045.786
77,34144.0,41363.0,34587.67
78,34112.0,41470.0,34627.406
79,34112.0,41625.0,34538.906
80,34078.0,41326.0,34398.058
81,34078.0,41601.0,34491.18
82,34078.0,41773.0,34428.846
83,34078.0,40729.0,34352.432
84,34078.0,41193.0,34366.104
85,34031.0,40120.0,34382.418
86,34031.0,41151.0,34381.072
87,34023.0,41654.0,34401.104
88,34023.0,41656.0,34332.132
89,34023.0,40709.0,34354.026
90,34023.0,40731.0,34363.868
91,34023.0,41298.0,34330.768
92,34023.0,41217.0,34275.038
93,34023.0,40513.0,34274.358
94,34023.0,41024.0,34340.55
95,34023.0,40563.0,34335.442
96,34023.0,41371.0,34346.848
97,34023.0,41436.0,34334.32
98,33909.0,40121.0,34314.696
99,33909.0,41106.0,34306.588
100,33909.0,40511.0,34119.192
101,33909.0,41112.0,34157.646
102,33909.0,40928.0,34153.174
103,33909.0,41323.0,34117.172
104,33909.0,41174.0,34264.386
105,33909.0,39566.0,34186.75
106,33909.0,40466.0,34132.272
107,33853.0,40880.0,34138.804
108,33853.0,40371.0,34215.466
109,33853.0,41402.0,34272.478
110,33853.0,40663.0,34083.73
111,33745.0,41190.0,34164.546
112,33745.0,41472.0,34205.334
113,33745.0,41278.0,34069.0
114,33745.0,40606.0,34155.226
115,33745.0,40829.0,33927.812
116,33745.0,40681.0,33979.02
117,33745.0,40938.0,34006.164
118,33745.0,41170.0,34034.668
119,33509.0,41370.0,34019.222
120,33509.0,40880.0,33807.958
121,33509.0,40635.0,33859.922
122,33509.0,39822.0,33768.088
123,33509.0,41288.0,33759.096
124,33509.0,40104.0,33735.632
125,33509.0,40003.0,33709.684
126,33509.0,40318.0,33770.532
127,33509.0,40554.0,33713.444
128,33509.0,40755.0,33794.246
129,33509.0,40168.0,33792.608
130,33509.0,41127.0,33789.064
131,33509.0,41262.0,33783.566
132,33509.0,41022.0,33877.54
133,33509.0,41602.0,33860.06
134,33327.0,40990.0,33877.228
135,33327.0,38782.0,33584.558
136,33327.0,40951.0,33675.522
137,33327.0,40648.0,33507.94
138,33327.0,40331.0,33578.052
139,33327.0,40470.0,33634.062
140,33327.0,40229.0,33679.852
141,33327.0,40656.0,33678.642
142,33327.0,40219.0,33590.604
143,33327.0,40448.0,33596.73
144,33327.0,40515.0,33608.818
145,33327.0,40900.0,33519.576
146,33327.0,40284.0,33571.468
147,33327.0,40583.0,33640.954
148,33327.0,40837.0,33630.978
149,33327.0,39882.0,33542.358
150,33327.0,40648.0,33694.044
151,33327.0,39878.0,33605.362
152,33327.0,40154.0,33676.478
153,33327.0,39119.0,33545.214
154,33327.0,40451.0,33664.124
155,33304.0,40850.0,33659.154
156,33304.0,41009.0,33600.168
157,33304.0,41445.0,33534.874
158,33304.0,40475.0,33596.428
159,33304.0,40729.0,33613.168
160,33304.0,39043.0,33523.356
161,33304.0,39899.0,33552.192
162,33304.0,39305.0,33500.138
163,33304.0,39361.0,33582.282
164,33304.0,40676.0,33617.826
165,33304.0,41299.0,33587.382
166,33304.0,40332.0,33618.862
167,33304.0,39855.0,33577.238
168,33304.0,39409.0,33624.556
169,33304.0,40299.0,33622.212
170,33304.0,39794.0,33565.316
171,33304.0,40665.0,33630.562
172,33304.0,40165.0,33575.884
173,33304.0,40467.0,33509.796
174,33304.0,40067.0,33578.874
175,33304.0,40871.0,33562.626
176,33304.0,39691.0,33482.01
177,33304.0,40160.0,33533.392
178,33304.0,39978.0,33572.186
179,33304.0,40238.0,33575.752
180,33304.0,40350.0,33592.56
181,33304.0,40305.0,33545.116
182,33304.0,41191.0,33617.322
183,33304.0,40095.0,33533.37
184,33304.0,40847.0,33555.638
185,33304.0,40718.0,33519.82
186,33304.0,40305.0,33646.63
187,33304.0,40121.0,33566.362
188,33304.0,39971.0,33553.446
189,33304.0,40636.0,33550.394
190,33304.0,40552.0,33607.566
191,33304.0,40696.0,33582.374
192,33304.0,40929.0,33589.128
193,33304.0,41009.0,33637.918
194,33304.0,40528.0,33524.814
195,33304.0,40922.0,33635.284
196,33304.0,40180.0,33596.802
197,33304.0,40043.0,33623.57
198,33304.0,40571.0,33509.786
199,33304.0,39484.0,33617.952
200,33304.0,40517.0,33536.042
201,33304.0,40377.0,33569.422
202,33304.0,39958.0,33562.644
203,33304.0,40694.0,33632.272
204,33304.0,39745.0,33608.898
205,33304.0,39775.0,33590.244
206,33304.0,41034.0,33628.854
207,33304.0,40377.0,33593.748
208,33304.0,40822.0,33626.41
209,33304.0,40517.0,33586.262
210,33304.0,40811.0,33596.94
211,33304.0,39540.0,33543.816
212,33304.0,40855.0,33571.022
213,33304.0,40123.0,33578.948
214,33304.0,39673.0,33592.482
215,33304.0,40954.0,33514.906
216,33304.0,40533.0,33607.064
217,33304.0,39523.0,33570.008
218,33304.0,40339.0,33566.056
219,33304.0,40467.0,33619.44
220,33304.0,40244.0,33568.282
221,33304.0,41655.0,33603.848
222,33304.0,40173.0,33567.696
223,33304.0,40097.0,33567.926
224,33304.0,40341.0,33505.438
225,33304.0,40641.0,33562.34
226,33304.0,40558.0,33599.832
227,33304.0,40822.0,33585.354
228,33304.0,40142.0,33636.214
229,33304.0,40492.0,33589.132
230,33304.0,40298.0,33531.644
231,33304.0,40582.0,33751.938
232,33285.0,40735.0,33612.466
233,33285.0,40452.0,33689.632
234,33222.0,40139.0,33807.732
235,33222.0,39504.0,33545.338
236,33222.0,39900.0,33535.72
237,33222.0,40736.0,33519.482
238,33222.0,39458.0,33404.27
239,33222.0,40548.0,33515.112
240,33222.0,40289.0,33551.188
241,33222.0,40344.0,33565.154
242,33222.0,40451.0,33541.834
243,33222.0,40261.0,33360.756
244,33222.0,40711.0,33556.768
245,33222.0,40209.0,33486.974
246,33222.0,40285.0,33615.194
247,33222.0,40169.0,33489.952
248,33222.0,40129.0,33539.33
249,33222.0,40496.0,33449.744
250,33222.0,40839.0,33475.646
251,33222.0,40263.0,33539.258
252,33222.0,40285.0,33429.686
253,33222.0,40490.0,33478.234
254,33222.0,40459.0,33514.724
255,33222.0,40510.0,33558.98
256,33222.0,40261.0,33462.682
257,33222.0,39847.0,33469.488
258,33222.0,39931.0,33511.706
259,33222.0,39295.0,33429.138
260,33222.0,40014.0,33497.618
261,33222.0,40638.0,33495.354
262,33222.0,40057.0,33485.83
263,33222.0,40959.0,33446.658
264,33222.0,41303.0,33552.342
265,33222.0,40986.0,33542.108
266,33222.0,39834.0,33486.862
267,33151.0,40107.0,33522.788
268,33151.0,40530.0,33564.554
269,33151.0,40136.0,33504.758
270,33151.0,39893.0,33452.178
271,33151.0,40637.0,33459.158
272,33151.0,40228.0,33295.93
273,33151.0,39596.0,33500.912
274,33070.0,40020.0,33458.158
275,33070.0,40444.0,33505.8
276,33070.0,40636.0,33890.41
277,33070.0,40794.0,33461.34
278,33070.0,39770.0,33263.794
279,33070.0,39473.0,33381.414
280,33070.0,40447.0,33371.722
281,33070.0,40128.0,33337.372
282,33070.0,40109.0,33353.43
283,33021.0,40329.0,33287.584
284,33021.0,39815.0,33364.158
285,33021.0,40122.0,33430.524
286,33021.0,40263.0,33353.616
287,33021.0,40065.0,33298.076
288,32778.0,39871.0,33273.718
289,32778.0,39135.0,33293.634
290,32778.0,39868.0,33209.97
291,32730.0,38850.0,33044.078
292,32730.0,39902.0,33093.46
293,32730.0,39778.0,33008.288
294,32730.0,40590.0,33052.134
295,32730.0,40576.0,32952.932
296,32713.0,39804.0,33092.534
297,32713.0,39691.0,33046.96
298,32713.0,39559.0,32998.658
299,32713.0,39841.0,32952.75
300,32713.0,40070.0,33015.874
301,32713.0,40445.0,32947.658
302,32713.0,39762.0,33121.212
303,32713.0,39507.0,32955.214
304,32713.0,39507.0,32999.582
305,32682.0,39569.0,32999.318
306,32682.0,38916.0,33010.198
307,32682.0,39861.0,33142.302
308,32682.0,39842.0,33016.96
309,32682.0,40276.0,32942.286
310,32682.0,40110.0,32932.468
311,32682.0,39219.0,32917.22
312,32682.0,39363.0,32960.976
313,32682.0,39853.0,33046.12
314,32682.0,39995.0,32928.726
315,32682.0,38556.0,32943.89
316,32682.0,39742.0,33032.86
317,32682.0,38714.0,32952.152
318,32682.0,40303.0,32987.994
319,32682.0,39473.0,33005.788
320,32682.0,39771.0,32944.312
321,32682.0,39590.0,32941.158
322,32682.0,40057.0,33018.802
323,32682.0,39857.0,33021.21
324,32650.0,39127.0,32960.474
325,32650.0,40662.0,33029.848
326,32650.0,40025.0,33017.594
327,32650.0,39689.0,32901.146
328,32650.0,39632.0,32962.842
329,32650.0,39999.0,32983.228
330,32650.0,39957.0,32966.462
331,32650.0,39500.0,32913.154
332,32650.0,39639.0,32899.768
333,32650.0,39025.0,32881.64
334,32650.0,40210.0,32874.304
335,32650.0,39575.0,32918.636
336,32650.0,39306.0,32947.456
337,32650.0,39987.0,32945.026
338,32650.0,40168.0,32853.012
339,32650.0,39811.0,32932.692
340,32650.0,39467.0,32942.328
341,32650.0,39774.0,32989.032
342,32650.0,40078.0,32984.548
343,32650.0,39189.0,32987.76
344,32650.0,39882.0,32929.218
345,32650.0,39925.0,32944.786
346,32650.0,39270.0,32875.004
347,32650.0,39033.0,32920.666
348,32650.0,39318.0,32877.396
349,32650.0,39149.0,32961.882
350,32650.0,40164.0,33002.102
351,32650.0,39744.0,32915.438
352,32650.0,38835.0,32885.872
353,32650.0,39952.0,32910.474
354,32650.0,39485.0,32907.87
355,32650.0,39422.0,32932.674
356,32650.0,39596.0,32906.292
357,32650.0,39797.0,32927.156
358,32650.0,38739.0,32885.65
359,32650.0,39693.0,32869.544
360,32650.0,40139.0,32987.52
361,32650.0,40114.0,32937.898
362,32650.0,39603.0,32970.688
363,32650.0,40025.0,32932.492
364,32650.0,38782.0,32926.094
365,32650.0,39699.0,32870.222
366,32650.0,40165.0,32982.094
367,32650.0,39352.0,32878.054
368,32650.0,39734.0,32950.404
369,32650.0,39556.0,33003.958
370,32650.0,39571.0,32903.584
371,32650.0,40106.0,33005.454
372,32650.0,39722.0,32866.62
373,32650.0,39685.0,32851.494
374,32650.0,39865.0,33002.128
375,32650.0,39908.0,32932.798
376,32650.0,39653.0,32879.264
377,32650.0,40189.0,32877.488
378,32650.0,39021.0,32902.128
379,32650.0,39975.0,32935.556
380,32650.0,39144.0,33012.822
381,32650.0,40392.0,32963.356
382,32650.0,39621.0,33026.576
383,32650.0,40163.0,32967.23
384,32650.0,39644.0,32911.29
385,32650.0,40274.0,32861.028
386,32650.0,40510.0,33003.296
387,32650.0,39707.0,32905.758
388,32650.0,40213.0,32969.77
389,32650.0,39699.0,32834.436
390,32650.0,39268.0,32895.932
391,32650.0,39917.0,32917.462
392,32650.0,38968.0,32914.87
393,32650.0,40731.0,32920.596
394,32650.0,39858.0,33031.13
395,32618.0,39817.0,32866.632
396,32618.0,39635.0,32935.978
397,32618.0,39547.0,32925.632
398,32514.0,39680.0,32903.12
399,32514.0,40360.0,32980.696
400,32514.0,40360.0,32889.902
401,32514.0,39783.0,32972.272
402,32514.0,39054.0,32730.822
403,32514.0,39321.0,32825.202
404,32514.0,40021.0,32816.604
405,32514.0,39666.0,32753.154
406,32514.0,39864.0,32821.116
407,32514.0,39327.0,32986.87
408,32514.0,39346.0,32776.11
409,32514.0,38889.0,32787.174
410,32514.0,40045.0,32880.91
411,32514.0,39977.0,32848.52
412,32514.0,39555.0,32689.26
413,32514.0,39330.0,32778.872
414,32514.0,39576.0,32828.98
415,32514.0,39637.0,32805.382
416,32514.0,39564.0,32783.362
417,32514.0,40209.0,32795.054
418,32514.0,39051.0,32793.65
419,32514.0,39551.0,32859.14
420,32514.0,39854.0,32737.206
421,32514.0,38270.0,32725.34
422,32514.0,39284.0,32789.748
423,32514.0,40374.0,32791.826
424,32514.0,39141.0,32810.904
425,32514.0,39571.0,32815.31
426,32514.0,39465.0,32839.382
427,32514.0,39653.0,32841.45
428,32514.0,39557.0,32827.236
429,32514.0,40256.0,32815.148
430,32514.0,39942.0,32749.312
431,32514.0,40256.0,32835.4
432,32514.0,40212.0,32803.772
433,32514.0,39628.0,32847.604
434,32514.0,39578.0,32822.388
435,32514.0,40534.0,32806.548
436,32514.0,38964.0,32777.032
437,32345.0,38666.0,32757.962
438,32345.0,39682.0,32863.678
439,32345.0,39391.0,32701.068
440,32345.0,39645.0,32633.12
441,32345.0,38720.0,32639.928
442,32345.0,39369.0,32706.846
443,32345.0,39506.0,32575.58
444,32345.0,39429.0,32576.512
445,32345.0,39302.0,32634.508
446,32345.0,39567.0,32671.434
447,32345.0,38748.0,32613.374
448,32345.0,38456.0,32641.75
449,32345.0,39270.0,32631.662
450,32345.0,39891.0,32636.686
451,32345.0,39779.0,32650.806
452,32312.0,38313.0,32657.202
453,32312.0,39685.0,32611.96
454,32312.0,40486.0,32803.036
455,32312.0,39164.0,32626.762
456,32312.0,38869.0,32671.742
457,32312.0,38731.0,32591.268
458,32312.0,39550.0,32546.738
459,32312.0,39464.0,32574.71
460,32312.0,40151.0,32559.882
461,32312.0,39630.0,32609.776
462,32312.0,39358.0,32539.164
463,32312.0,39567.0,32614.056
464,32312.0,39469.0,32525.028
465,32312.0,39527.0,32674.222
466,32312.0,39124.0,32580.226
467,32312.0,40151.0,32628.31
468,32312.0,38422.0,32511.16
469,32312.0,39600.0,32574.242
470,32270.0,39046.0,32637.126
471,32270.0,39897.0,32649.108
472,32270.0,39483.0,32635.836
473,32270.0,39037.0,32535.116
474,32270.0,40000.0,32611.172
475,32270.0,38507.0,32476.836
476,32270.0,39620.0,32560.176
477,32270.0,39789.0,32532.34
478,32270.0,39380.0,32600.204
479,32270.0,39895.0,32555.15
480,32270.0,39742.0,32601.88
481,32270.0,39208.0,32608.536
482,32270.0,39552.0,32598.886
483,32270.0,40351.0,32566.848
484,32270.0,39406.0,32518.424
485,32270.0,39699.0,32596.984
486,32270.0,39570.0,32613.294
487,32270.0,40000.0,32567.248
488,32270.0,39364.0,32560.062
489,32270.0,39804.0,32576.666
490,32270.0,37713.0,32467.86
491,32270.0,39684.0,32562.112
492,32270.0,39788.0,32601.308
493,32270.0,39337.0,32501.43
494,32270.0,39599.0,32566.72
495,32270.0,39155.0,32481.876
496,32270.0,39082.0,32588.5
497,32270.0,39858.0,32525.176
498,32270.0,38783.0,32549.27
499,32270.0,39783.0,32606.594
500,32270.0,39539.0,32574.332
501,32270.0,39760.0,32606.146
502,32270.0,39887.0,32555.598
503,32270.0,38591.0,32509.324
504,32270.0,39994.0,32498.892
505,32270.0,38865.0,32591.534
506,32270.0,38342.0,32514.98
507,32270.0,39785.0,32603.708
508,32270.0,39620.0,32459.304
509,32270.0,39709.0,32527.076
510,32270.0,39499.0,32573.08
511,32270.0,39254.0,32495.838
512,32270.0,39830.0,32550.804
513,32270.0,39079.0,32550.174
514,32270.0,39975.0,32579.374
515,32270.0,39147.0,32470.948
516,32270.0,38737.0,32620.78
517,32270.0,38630.0,32474.704
518,32270.0,39789.0,32529.362
519,32270.0,39676.0,32521.3
520,32270.0,39477.0,32587.262
521,32270.0,39529.0,32609.078
522,32270.0,39544.0,32495.018
523,32270.0,39492.0,32602.092
524,32270.0,38004.0,32514.79
525,32270.0,39662.0,32600.674
526,32270.0,39566.0,32457.81
527,32270.0,38786.0,32551.596
528,32270.0,39610.0,32615.236
529,32270.0,38993.0,32596.38
530,32270.0,39313.0,32571.214
531,32270.0,39221.0,32520.19
532,32270.0,39139.0,32491.296
533,32270.0,39722.0,32567.974
534,32270.0,39784.0,32567.594
535,32270.0,39513.0,32493.93
536,32270.0,39412.0,32509.226
537,32270.0,38845.0,32441.172
538,32270.0,39272.0,32471.022
539,32270.0,38830.0,32550.536
540,32270.0,39676.0,32629.584
541,32270.0,39873.0,32469.626
542,32270.0,39485.0,32601.32
543,32270.0,39537.0,32520.49
544,32270.0,38874.0,32612.37
545,32270.0,39641.0,32657.218
546,32270.0,39029.0,32607.834
547,32270.0,38766.0,32547.642
548,32270.0,38658.0,32467.482
549,32270.0,38753.0,32544.43
550,32270.0,39669.0,32491.208
551,32270.0,38959.0,32639.382
552,32270.0,39539.0,32526.218
553,32270.0,39426.0,32545.202
554,32270.0,38414.0,32485.854
555,32270.0,39106.0,32569.912
556,32270.0,39710.0,32611.292
557,32270.0,38988.0,32535.648
558,32270.0,39726.0,32547.038
559,32270.0,39513.0,32528.36
560,32270.0,39321.0,32445.372
561,32270.0,39619.0,32534.354
562,32270.0,39688.0,32600.61
563,32270.0,39329.0,32558.184
564,32270.0,40023.0,32556.932
565,32270.0,39920.0,32558.9
566,32270.0,39662.0,32651.552
567,32270.0,39676.0,32541.454
568,32158.0,39887.0,32607.208
569,32158.0,39319.0,32524.508
570,32158.0,38973.0,32537.358
571,32158.0,38757.0,32427.308
572,32158.0,38477.0,32427.02
573,32158.0,39565.0,32417.294
574,32158.0,39547.0,32420.418
575,32158.0,39380.0,32512.146
576,32158.0,39646.0,32477.46
577,32158.0,38689.0,32520.72
578,32158.0,39210.0,32298.512
579,32158.0,39003.0,32544.98
580,32158.0,39761.0,32446.19
581,32149.0,39701.0,32444.39
582,32112.0,39220.0,32353.448
583,32112.0,38494.0,32479.9
584,32112.0,38903.0,32464.51
585,32112.0,39643.0,32479.254
586,32112.0,39055.0,32411.434
587,32112.0,39394.0,32387.724
588,32112.0,38018.0,32415.892
589,32112.0,39599.0,32426.118
590,32112.0,39386.0,32418.606
591,32112.0,39357.0,32360.432
592,32112.0,39415.0,32359.106
593,32112.0,37894.0,32424.224
594,32112.0,38961.0,32402.66
595,32084.0,38051.0,32372.8
596,32084.0,39004.0,32365.674
597,32084.0,39703.0,32332.826
598,32084.0,39164.0,32464.612
599,31832.0,39529.0,32344.088
600,31832.0,39097.0,32347.392
601,31832.0,39308.0,32268.352
602,31832.0,38520.0,32060.744
603,31832.0,38870.0,32200.938
604,31832.0,38884.0,32117.322
605,31832.0,38515.0,32123.362
606,31832.0,39322.0,32183.462
607,31832.0,39329.0,32079.092
608,31832.0,39375.0,32178.58
609,31832.0,38697.0,32160.89
610,31832.0,39371.0,32102.034
611,31832.0,39113.0,32185.85
612,31832.0,38741.0,32053.794
613,31832.0,39257.0,32157.976
614,31832.0,39144.0,32163.348
615,31832.0,38709.0,32133.752
616,31832.0,39671.0,32255.318
617,31832.0,39126.0,32087.512
618,31832.0,39435.0,32105.27
619,31832.0,37894.0,32096.222
620,31832.0,39350.0,32078.246
621,31832.0,39075.0,32121.786
622,31832.0,38958.0,32119.692
623,31832.0,38951.0,32065.658
624,31832.0,38602.0,32070.48
625,31832.0,38023.0,32097.47
626,31809.0,38805.0,32077.004
627,31809.0,39172.0,32207.66
628,31809.0,38915.0,32048.332
629,31809.0,38590.0,32041.73
630,31809.0,40575.0,32225.484
631,31809.0,39117.0,32074.512
632,31809.0,38654.0,32137.868
633,31809.0,37798.0,32131.068
634,31809.0,38326.0,32081.746
635,31809.0,38961.0,32095.378
636,31809.0,39472.0,32141.556
637,31809.0,37871.0,32082.062
638,31809.0,39042.0,32137.07
639,31809.0,39789.0,32046.156
640,31809.0,39051.0,32136.306
641,31809.0,39090.0,32175.618
642,31809.0,38532.0,32139.118
643,31809.0,38850.0,32084.484
644,31809.0,39049.0,32194.716
645,31809.0,38315.0,32008.488
646,31809.0,38804.0,32091.33
647,31809.0,39412.0,32095.408
648,31809.0,38655.0,32099.368
649,31809.0,38151.0,32096.556
650,31809.0,38718.0,32165.26
651,31809.0,38193.0,32052.642
652,31809.0,38782.0,32049.414
653,31809.0,39426.0,32168.912
654,31809.0,39285.0,32167.076
655,31809.0,38624.0,32057.022
656,31809.0,38908.0,32035.192
657,31809.0,38741.0,32103.398
658,31809.0,38711.0,32134.512
659,31675.0,39634.0,32124.054
660,31675.0,39117.0,32089.01
661,31675.0,39407.0,32051.018
662,31675.0,38670.0,31915.918
663,31675.0,38466.0,31995.166
664,31675.0,38723.0,31963.1
665,31675.0,39428.0,32028.674
666,31675.0,39290.0,31903.802
667,31675.0,39163.0,31949.374
668,31675.0,38339.0,31950.166
669,31675.0,38838.0,31915.522
670,31675.0,39454.0,31964.85
671,31675.0,38933.0,32016.078
672,31675.0,39164.0,31958.886
673,31675.0,39511.0,31993.122
674,31675.0,38989.0,31882.478
675,31675.0,38979.0,31983.048
676,31675.0,38862.0,31927.23
677,31675.0,39595.0,32018.752
678,31675.0,39190.0,31955.024
679,31675.0,39032.0,32038.618
680,31675.0,38852.0,31937.35
681,31675.0,38931.0,32026.196
682,31675.0,39194.0,32021.17
683,31675.0,39036.0,31911.55
684,31675.0,39138.0,31945.992
685,31675.0,39111.0,32039.926
686,31675.0,39082.0,31922.238
687,31675.0,39062.0,31870.026
688,31675.0,38678.0,31990.7
689,31675.0,39300.0,32048.446
690,31675.0,39411.0,32028.62
691,31675.0,39395.0,31920.302
692,31675.0,39417.0,32060.174
693,31675.0,37880.0,31965.304
694,31675.0,38927.0,31926.018
695,31675.0,38942.0,32012.712
696,31675.0,38936.0,31971.13
697,31675.0,39417.0,31968.698
698,31675.0,37902.0,31963.636
699,31675.0,39293.0,31926.292
700,31675.0,37466.0,31828.612
701,31675.0,38191.0,31937.848
702,31675.0,38296.0,31939.234
703,31675.0,39452.0,31939.164
704,31675.0,38260.0,31923.516
705,31675.0,38432.0,31926.462
706,31675.0,38812.0,32005.022
707,31675.0,38709.0,31917.64
708,31675.0,39089.0,31926.112
709,31675.0,38875.0,32019.104
710,31675.0,38765.0,32015.392
711,31675.0,39074.0,31940.182
712,31675.0,38155.0,31996.75
713,31675.0,38578.0,31931.334
714,31675.0,39294.0,32069.742
715,31675.0,39001.0,31950.012
716,31675.0,38408.0,31923.476
717,31675.0,38734.0,31979.084
718,31675.0,38613.0,31967.314
719,31675.0,37457.0,31865.726
720,31675.0,38840.0,31904.416
721,31675.0,37842.0,31954.542
722,31675.0,39294.0,32002.766
723,31675.0,38300.0,31964.804
724,31675.0,39190.0,31978.406
725,31675.0,38274.0,31957.742
726,31675.0,38734.0,31902.2
727,31675.0,39106.0,31987.002
728,31675.0,39012.0,31977.568
729,31675.0,38506.0,31906.006
730,31675.0,38645.0,31999.422
731,31675.0,39185.0,31998.712
732,31675.0,38657.0,31954.076
733,31675.0,38890.0,32024.28
734,31675.0,39345.0,32023.684
735,31675.0,41891.0,32055.512
736,31675.0,39595.0,31957.746
737,31675.0,39248.0,31954.008
738,31675.0,38918.0,31894.196
739,31675.0,37910.0,31989.5
740,31675.0,38656.0,31972.906
741,31675.0,38354.0,31927.362
742,31675.0,39192.0,31958.728
743,31675.0,39065.0,32006.062
744,31675.0,39238.0,32033.452
745,31675.0,39096.0,31897.766
746,31675.0,38466.0,31917.912
747,31675.0,37731.0,31938.0
748,31675.0,38154.0,31980.618
749,31675.0,37983.0,31909.77
750,31675.0,38655.0,31946.2
751,31675.0,38518.0,31957.484
752,31675.0,39035.0,31936.502
753,31675.0,38466.0,32047.012
754,31675.0,39147.0,31967.018
755,31675.0,38125.0,31949.448
756,31675.0,37382.0,31951.948
757,31675.0,38393.0,31944.522
758,31675.0,38686.0,32045.696
759,31675.0,38755.0,31939.102
760,31675.0,37870.0,31898.692
761,31595.0,39032.0,31912.402
762,31595.0,38405.0,31968.244
763,31595.0,38565.0,31896.028
764,31595.0,38864.0,31920.716
765,31595.0,39104.0,31930.424
766,31595.0,38843.0,31826.14
767,31595.0,38672.0,31880.618
768,31595.0,38760.0,31870.006
769,31547.0,38542.0,31840.024
770,31547.0,38817.0,32012.73
771,31547.0,38517.0,31820.394
772,31547.0,38964.0,31808.302
773,31547.0,39054.0,31844.448
774,31547.0,39245.0,31812.15
775,31547.0,39435.0,31843.438
776,31547.0,38810.0,31863.852
777,31547.0,38359.0,31772.464
778,31547.0,38789.0,31828.524
779,31547.0,38581.0,31809.732
780,31547.0,38854.0,31860.838
781,31547.0,38740.0,31772.84
782,31547.0,39476.0,31774.494
783,31547.0,39233.0,31889.518
784,31547.0,38619.0,31838.108
785,31547.0,38118.0,31896.996
786,31547.0,38377.0,31830.314
787,31547.0,38931.0,31850.8
788,31547.0,37127.0,31755.386
789,31547.0,38884.0,31785.4
790,31547.0,38726.0,31757.938
791,31547.0,39090.0,31793.888
792,31547.0,38897.0,31904.244
793,31547.0,37469.0,31888.842
794,31530.0,39252.0,31870.57
795,31530.0,37869.0,31816.626
796,31530.0,38610.0,31894.334
797,31365.0,39127.0,31829.88
798,31365.0,37987.0,31732.342
799,31365.0,38219.0,31848.968
800,31365.0,38118.0,31649.3
801,31365.0,38197.0,31686.754
802,31365.0,39360.0,31625.426
803,31365.0,38522.0,31540.522
804,31365.0,39201.0,31666.396
805,31365.0,37539.0,31619.644
806,31365.0,38328.0,31656.702
807,31365.0,38439.0,31604.952
808,31365.0,38046.0,31618.838
809,31365.0,38749.0,31690.71
810,31365.0,38720.0,31701.218
811,31365.0,38842.0,31715.704
812,31365.0,38629.0,31613.34
813,31365.0,37861.0,31620.424
814,31365.0,36759.0,31549.414
815,31365.0,38180.0,31608.948
816,31365.0,39107.0,31601.83
817,31365.0,38140.0,31697.61
818,31365.0,38174.0,31617.804
819,31365.0,38433.0,31688.156
820,31365.0,38928.0,31601.156
821,31365.0,38644.0,31570.776
822,31299.0,37864.0,31597.042
823,31299.0,38809.0,31671.458
824,31299.0,38708.0,31567.54
825,31299.0,37318.0,31522.824
826,31299.0,38256.0,31577.79
827,31299.0,38555.0,31693.914
828,31299.0,38405.0,31585.422
829,31299.0,38574.0,31603.718
830,31299.0,38551.0,31570.46
831,31299.0,38581.0,31536.97
832,31299.0,37925.0,31518.54
833,31299.0,38434.0,31569.396
834,31299.0,39135.0,31629.55
835,31299.0,38413.0,31567.682
836,31299.0,38818.0,31599.24
837,31299.0,38717.0,31562.18
838,31299.0,37969.0,31560.052
839,31299.0,38814.0,31603.924
840,31299.0,38256.0,31574.754
841,31299.0,38253.0,31626.088
842,31299.0,38020.0,31611.8
843,31299.0,39186.0,31631.738
844,31299.0,38887.0,31668.25
845,31299.0,38788.0,31640.794
846,31299.0,39035.0,31591.204
847,31299.0,38170.0,31614.41
848,31299.0,38547.0,31578.186
849,31299.0,37124.0,31515.364
850,31299.0,38893.0,31555.282
851,31299.0,38439.0,31528.034
852,31299.0,38788.0,31561.898
853,31299.0,38337.0,31602.464
854,31299.0,38282.0,31573.012
855,31299.0,37978.0,31534.35
856,31299.0,38924.0,31561.116
857,31299.0,38389.0,31561.396
858,31299.0,37466.0,31548.2
859,31299.0,38632.0,31550.178
860,31299.0,38348.0,31545.09
861,31299.0,38214.0,31505.308
862,31299.0,38568.0,31596.478
863,31299.0,38602.0,31642.306
864,31299.0,38917.0,31570.72
865,31299.0,38557.0,31586.538
866,31299.0,38366.0,31594.142
867,31299.0,37967.0,31582.4
868,31299.0,38445.0,31588.154
869,31299.0,38666.0,31571.19
870,31299.0,38814.0,31659.268
871,31299.0,38228.0,31586.924
872,31299.0,38720.0,31559.946
873,31299.0,38388.0,31593.092
874,31299.0,38993.0,31518.79
875,31299.0,38691.0,31530.846
876,31299.0,38635.0,31544.85
877,31299.0,38303.0,31568.428
878,31299.0,38914.0,31670.91
879,31299.0,37844.0,31610.438
880,31299.0,38092.0,31496.288
881,31299.0,38504.0,31631.67
882,31299.0,37813.0,31662.344
883,31299.0,37985.0,31550.858
884,31299.0,38567.0,31522.818
885,31299.0,38155.0,31562.084
886,31299.0,38118.0,31471.766
887,31299.0,39138.0,31587.538
888,31299.0,38648.0,31615.586
889,31299.0,37443.0,31596.138
890,31299.0,39317.0,31632.316
891,31299.0,38862.0,31550.384
892,31299.0,38720.0,31619.494
893,31299.0,38744.0,31586.65
894,31299.0,38532.0,31542.304
895,31299.0,38690.0,31547.644
896,31299.0,38356.0,31577.418
897,31299.0,37258.0,31607.308
898,31299.0,37327.0,31573.812
899,31299.0,38451.0,31531.1
900,31299.0,38052.0,31547.162
901,31299.0,38338.0,31621.232
902,31299.0,37580.0,31564.454
903,31299.0,36912.0,31557.526
904,31299.0,38555.0,31565.596
905,31299.0,38985.0,31606.458
906,31299.0,38817.0,31524.724
907,31299.0,38207.0,31647.176
908,31299.0,38337.0,31591.492
909,31299.0,38924.0,31618.524
910,31241.0,39019.0,31641.656
911,31241.0,38625.0,31599.656
912,31241.0,38350.0,31644.634
913,31241.0,38797.0,31565.65
914,31241.0,37964.0,31592.862
915,31241.0,38313.0,31552.444
916,31241.0,38335.0,31518.204
917,31241.0,38734.0,31539.294
918,31241.0,38439.0,31518.712
919,31241.0,38666.0,31511.786
920,31241.0,38983.0,31529.692
921,31241.0,38207.0,31484.766
922,31241.0,37702.0,31428.22
923,31241.0,38819.0,31461.434
924,31241.0,38977.0,31505.156
925,31241.0,38416.0,31527.082
926,31241.0,38738.0,31526.386
927,31241.0,38412.0,31464.972
928,31241.0,38520.0,31497.734
929,31241.0,38759.0,31612.74
930,31241.0,38406.0,31511.974
931,31241.0,38173.0,31549.458
932,31241.0,37952.0,31510.98
933,31241.0,38350.0,31574.59
934,31241.0,39225.0,31548.342
935,31241.0,38321.0,31508.298
936,31241.0,38448.0,31544.854
937,31241.0,37730.0,31494.75
938,31241.0,38298.0,31490.824
939,31241.0,38365.0,31516.03
940,31241.0,38114.0,31544.272
941,31241.0,40448.0,31572.158
942,31241.0,38446.0,31514.844
943,31241.0,37813.0,31571.986
944,31241.0,37478.0,31474.274
945,31241.0,38600.0,31454.668
946,31241.0,38395.0,31564.004
947,31241.0,38787.0,31609.636
948,31241.0,37901.0,31485.062
949,31241.0,38057.0,31551.602
950,31241.0,38371.0,31577.216
951,31241.0,38042.0,31424.606
952,31241.0,38414.0,31492.184
953,31241.0,38751.0,31551.74
954,31241.0,38060.0,31519.102
955,31241.0,38672.0,31492.734
956,31241.0,38409.0,31546.316
957,31241.0,38456.0,31514.268
958,31241.0,38500.0,31452.574
959,31241.0,38243.0,31522.536
960,31241.0,38441.0,31479.558
961,31241.0,38736.0,31461.324
962,31241.0,37826.0,31472.57
963,31241.0,38591.0,31594.536
964,31241.0,38963.0,31521.97
965,31241.0,38657.0,31603.35
966,31241.0,37938.0,31463.944
967,31241.0,38494.0,31522.93
968,31241.0,38891.0,31588.48
969,31241.0,38505.0,31588.752
970,31241.0,38212.0,31535.742
971,31241.0,38756.0,31591.534
972,31241.0,39077.0,31565.298
973,31241.0,38477.0,31573.318
974,31241.0,38457.0,31498.66
975,31241.0,38097.0,31458.812
976,31241.0,37691.0,31474.294
977,31241.0,38922.0,31522.366
978,31241.0,38760.0,31569.848
979,31241.0,38354.0,31578.852
980,31241.0,38397.0,31611.39
981,31241.0,37852.0,31520.934
982,31241.0,38869.0,31526.642
983,31241.0,36848.0,31490.452
984,31241.0,38813.0,31630.338
985,31241.0,36854.0,31430.756
986,31241.0,38474.0,31547.014
987,31241.0,39129.0,31507.314
988,31241.0,38759.0,31575.55
989,31241.0,38120.0,31523.342
990,31241.0,38496.0,31441.83
991,31241.0,38838.0,31469.902
992,31241.0,39129.0,31555.298
993,31241.0,38804.0,31499.464
994,30941.0,38195.0,31551.842
995,30941.0,39066.0,31584.226
996,30941.0,38316.0,31257.032
997,30941.0,37526.0,31194.634
998,30941.0,38025.0,31285.2
999,30941.0,37921.0,31143.458
1000,30941.0,38202.0,31273.182
1001,30941.0,38683.0,31262.93
1002,30729.0,38312.0,31249.486
1003,30729.0,37809.0,31248.938
1004,30729.0,38206.0,31442.832
1005,30729.0,37823.0,31048.836
1006,30729.0,38318.0,31013.28
1007,30729.0,37929.0,30950.444
1008,30729.0,37469.0,30987.322
1009,30729.0,38754.0,31051.68
1010,30729.0,36577.0,31023.034
1011,30729.0,38031.0,31036.092
1012,30729.0,37902.0,30974.418
1013,30729.0,38337.0,30996.04
1014,30729.0,36794.0,30945.298
1015,30729.0,38029.0,30976.132
1016,30729.0,37783.0,30984.782
1017,30729.0,37610.0,31001.906
1018,30729.0,38062.0,30999.086
1019,30729.0,36571.0,31051.752
1020,30729.0,38047.0,31023.934
1021,30684.0,38049.0,30952.92
1022,30684.0,37767.0,30910.094
1023,30684.0,37649.0,31119.318
1024,30684.0,37173.0,30975.692
1025,30684.0,37472.0,30932.462
1026,30684.0,38120.0,31037.072
1027,30684.0,37172.0,30953.322
1028,30684.0,38160.0,30939.48
1029,30684.0,37954.0,30935.268
1030,30684.0,37984.0,31052.862
1031,30684.0,38354.0,31016.378
1032,30684.0,37500.0,30968.654
1033,30684.0,36771.0,30911.182
1034,30684.0,38088.0,30993.574
1035,30684.0,37732.0,30990.058
1036,30684.0,38301.0,30951.51
1037,30684.0,38378.0,30921.19
1038,30684.0,37293.0,31029.77
1039,30684.0,37948.0,30934.556
1040,30684.0,38002.0,30964.972
1041,30684.0,38098.0,30994.242
1042,30684.0,38083.0,31001.42
1043,30684.0,38112.0,30930.846
1044,30684.0,37723.0,30970.472
1045,30684.0,37917.0,30928.266
1046,30684.0,37998.0,30911.114
1047,30684.0,38199.0,30897.598
1048,30684.0,37864.0,30942.14
1049,30684.0,37525.0,30910.966
1050,30684.0,37645.0,31028.998
1051,30684.0,37405.0,30928.95
1052,30684.0,37473.0,31004.182
1053,30684.0,38095.0,31019.864
1054,30684.0,37170.0,30877.894
1055,30684.0,37812.0,30947.24
1056,30684.0,37478.0,30906.712
1057,30684.0,38530.0,31027.616
1058,30684.0,37591.0,31033.748
1059,30684.0,38091.0,30897.43
1060,30684.0,38161.0,30920.114
1061,30684.0,36829.0,30923.024
1062,30684.0,37511.0,30946.082
1063,30684.0,38123.0,30947.85
1064,30684.0,37932.0,31015.088
1065,30684.0,37901.0,31019.386
1066,30684.0,37966.0,31033.498
1067,30684.0,38523.0,30894.328
1068,30684.0,37976.0,30935.694
1069,30684.0,38165.0,31066.638
1070,30684.0,37655.0,30986.324
1071,30684.0,38571.0,31000.636
1072,30684.0,38763.0,30967.28
1073,30684.0,37494.0,31047.404
1074,30684.0,37071.0,31006.852
1075,30684.0,38709.0,30929.25
1076,30684.0,38235.0,30997.998
1077,30684.0,37959.0,30930.664
1078,30684.0,37733.0,30977.622
1079,30684.0,38076.0,31006.09
1080,30684.0,36158.0,30943.928
1081,30684.0,37718.0,30902.44
1082,30684.0,37923.0,30955.63
1083,30684.0,37077.0,30969.64
1084,30684.0,37195.0,30936.086
1085,30684.0,37599.0,30954.24
1086,30684.0,38198.0,31019.464
1087,30684.0,37849.0,30923.972
1088,30684.0,38523.0,30973.72
1089,30684.0,37971.0,30988.252
1090,30684.0,38045.0,30966.948
1091,30684.0,38309.0,31034.85
1092,30684.0,36919.0,30983.636
1093,30684.0,37412.0,30925.94
1094,30684.0,38105.0,30962.122
1095,30684.0,37479.0,31007.082
1096,30684.0,37764.0,31009.256
1097,30684.0,38571.0,31033.194
1098,30684.0,37849.0,31000.906
1099,30684.0,37477.0,31009.588
1100,30684.0,37649.0,30999.042
1101,30684.0,37740.0,30962.934
1102,30684.0,38034.0,31029.09
1103,30684.0,37140.0,30976.646
1104,30684.0,37884.0,30980.768
1105,30684.0,38406.0,31007.028
1106,30684.0,36891.0,30988.646
1107,30684.0,37563.0,31040.64
1108,30684.0,38163.0,30955.904
1109,30684.0,38378.0,30957.084
1110,30684.0,38309.0,30990.042
1111,30684.0,38218.0,30997.842
1112,30684.0,37951.0,30889.772
1113,30684.0,36870.0,30915.468
1114,30684.0,38012.0,30915.428
1115,30684.0,38076.0,31040.826
1116,30684.0,37953.0,30980.996
1117,30684.0,37855.0,30934.6
1118,30684.0,37736.0,30955.918
1119,30684.0,38005.0,30975.018
1120,30684.0,37452.0,30997.646
1121,30684.0,37905.0,31023.376
1122,30684.0,37927.0,31044.672
1123,30684.0,37200.0,31026.55
1124,30684.0,38091.0,31017.518
1125,30684.0,37847.0,30943.47
1126,30684.0,38709.0,31083.994
1127,30684.0,36782.0,30893.746
1128,30684.0,37525.0,30923.034
1129,30684.0,38414.0,30963.7
1130,30684.0,37182.0,30899.54
1131,30684.0,37872.0,31024.434
1132,30684.0,38257.0,31090.45
1133,30684.0,38204.0,30963.526
1134,30684.0,37558.0,31003.844
1135,30684.0,37642.0,30961.544
1136,30684.0,37871.0,31051.866
1137,30684.0,36874.0,31006.636
1138,30684.0,37665.0,31039.56
1139,30684.0,38257.0,30936.82
1140,30684.0,37633.0,31021.996
1141,30684.0,38347.0,30962.696
1142,30684.0,37736.0,30974.354
1143,30684.0,37902.0,30939.306
1144,30684.0,37696.0,30888.56
1145,30684.0,36099.0,30858.404
1146,30684.0,37753.0,30984.962
1147,30684.0,38571.0,30911.132
1148,30684.0,37912.0,30906.584
1149,30684.0,37675.0,30958.91
1150,30684.0,37742.0,30931.896
1151,30684.0,37965.0,31063.22
1152,30684.0,38402.0,30987.72
1153,30684.0,38257.0,30995.692
1154,30684.0,37926.0,30987.082
1155,30684.0,37924.0,31043.852
1156,30684.0,37738.0,30929.55
1157,30684.0,38068.0,30972.15
1158,30684.0,38075.0,30922.122
1159,30684.0,38257.0,31018.162
1160,30684.0,38116.0,30951.77
1161,30684.0,37987.0,30878.038
1162,30684.0,38325.0,31004.302
1163,30684.0,37778.0,30962.696
1164,30684.0,38202.0,30995.518
1165,30684.0,38116.0,30944.072
1166,30684.0,37953.0,31098.884
1167,30684.0,38179.0,30962.848
1168,30684.0,37332.0,30933.358
1169,30684.0,38365.0,31012.55
1170,30684.0,37777.0,30979.214
1171,30684.0,38272.0,31050.888
1172,30684.0,37074.0,30963.096
1173,30684.0,38709.0,31154.876
1174,30684.0,37823.0,30892.426
1175,30684.0,36876.0,30833.432
1176,30684.0,38299.0,31005.698
1177,30684.0,38147.0,30969.156
1178,30684.0,37783.0,30906.09
1179,30684.0,36787.0,30973.494
1180,30684.0,38520.0,30990.968
1181,30684.0,37008.0,30894.702
1182,30684.0,37936.0,30959.712
1183,30684.0,37031.0,30917.544
1184,30684.0,37888.0,30979.81
1185,30684.0,37824.0,30873.42
1186,30684.0,37908.0,30941.138
1187,30684.0,37284.0,31050.046
1188,30684.0,37991.0,31045.48
1189,30684.0,37708.0,30959.8
1190,30684.0,38426.0,31004.528
1191,30684.0,37736.0,30983.47
1192,30684.0,37477.0,31032.966
1193,30684.0,38378.0,30980.89
1194,30684.0,38174.0,31025.252
1195,30684.0,37899.0,30904.058
1196,30684.0,36898.0,30969.618
1197,30684.0,38572.0,31079.75
1198,30684.0,38284.0,30953.502
1199,30684.0,37966.0,31015.066
1200,30684.0,38202.0,30968.374
1201,30684.0,38299.0,30931.172
1202,30684.0,37929.0,30991.408
1203,30684.0,37697.0,30970.112
1204,30684.0,36887.0,31044.598
1205,30684.0,38357.0,30964.822
1206,30684.0,37928.0,30922.86
1207,30684.0,36419.0,30845.184
1208,30684.0,38309.0,30936.124
1209,30684.0,37992.0,31001.426
1210,30684.0,37413.0,31053.976
1211,30684.0,38021.0,31019.396
1212,30684.0,38354.0,30986.544
1213,30684.0,38173.0,31014.254
1214,30684.0,37882.0,30988.184
1215,30684.0,37892.0,30899.496
1216,30684.0,37604.0,30963.244
1217,30684.0,37928.0,31048.232
1218,30684.0,38297.0,31052.324
1219,30684.0,38257.0,30927.356
1220,30684.0,37790.0,30933.74
1221,30684.0,36879.0,31009.806
1222,30684.0,38112.0,31126.852
1223,30684.0,37621.0,30913.808
1224,30684.0,37978.0,31003.326
1225,30684.0,37158.0,31011.838
1226,30684.0,37751.0,30964.384
1227,30684.0,38302.0,30932.676
1228,30684.0,37643.0,30969.346
1229,30684.0,37606.0,30962.212
1230,30684.0,37568.0,30965.646
1231,30684.0,37516.0,31092.912
1232,30684.0,37959.0,30938.368
1233,30684.0,38309.0,30909.944
1234,30684.0,38380.0,30977.87
1235,30684.0,37761.0,31065.342
1236,30684.0,37920.0,31006.836
1237,30684.0,38319.0,30981.288
1238,30684.0,38199.0,31004.242
1239,30684.0,37857.0,31012.304
1240,30684.0,38420.0,30934.326
1241,30684.0,38106.0,30974.488
1242,30684.0,36407.0,30870.456
1243,30684.0,38165.0,30956.882
1244,30684.0,38198.0,31067.482
1245,30684.0,38067.0,30980.996
1246,30684.0,38075.0,31008.08
1247,30684.0,37705.0,31024.066
1248,30684.0,38347.0,30930.166
1249,30684.0,37951.0,31018.826
1250,30684.0,37988.0,30931.052
1251,30684.0,37861.0,30938.67
1252,30684.0,37719.0,30997.412
1253,30684.0,37564.0,31042.232
1254,30684.0,37959.0,30980.1
1255,30684.0,37456.0,30878.138
1256,30684.0,37441.0,30907.474
1257,30684.0,37970.0,31058.206
1258,30684.0,37924.0,30939.668
1259,30684.0,37686.0,30968.608
1260,30684.0,38019.0,30997.82
1261,30684.0,37198.0,30886.678
1262,30684.0,37319.0,30972.804
1263,30684.0,37930.0,30943.308
1264,30684.0,37928.0,30862.212
1265,30684.0,38420.0,30940.592
1266,30684.0,37615.0,30950.67
1267,30684.0,37621.0,30975.526
1268,30684.0,38240.0,30979.156
1269,30684.0,37163.0,30956.648
1270,30684.0,37568.0,30963.612
1271,30684.0,38160.0,30936.388
1272,30684.0,36926.0,30965.998
1273,30684.0,37820.0,30915.78
1274,30684.0,38095.0,30982.922
1275,30684.0,38120.0,31022.958
1276,30684.0,37961.0,31013.508
1277,30684.0,37636.0,30961.62
1278,30684.0,38033.0,31051.198
1279,30684.0,38664.0,30977.094
1280,30684.0,38365.0,30950.028
1281,30684.0,37405.0,30967.816
1282,30684.0,38520.0,30994.482
1283,30684.0,37987.0,30967.424
1284,30684.0,36859.0,30925.376
1285,30684.0,37679.0,30940.284
1286,30684.0,38399.0,30924.766
1287,30684.0,37812.0,30986.216
1288,30684.0,38319.0,30989.444
1289,30684.0,37763.0,30949.07
1290,30684.0,38103.0,31018.794
1291,30684.0,38199.0,31067.762
1292,30684.0,38171.0,30950.422
1293,30684.0,37395.0,30934.068
1294,30684.0,37987.0,31092.37
1295,30684.0,38010.0,30940.656
1296,30684.0,37345.0,30983.89
1297,30684.0,37503.0,30958.054
1298,30684.0,38408.0,30988.074
1299,30684.0,37823.0,30997.72
1300,30684.0,37952.0,30993.516
1301,30684.0,38370.0,30960.146
1302,30684.0,37733.0,31075.338
1303,30684.0,38173.0,31017.44
1304,30684.0,37641.0,30892.998
1305,30684.0,37161.0,30955.654
1306,30684.0,37932.0,30931.398
1307,30684.0,37711.0,31068.748
1308,30684.0,38139.0,31041.806
1309,30684.0,37649.0,30947.286
1310,30684.0,37246.0,31007.838
1311,30684.0,38530.0,31028.34
1312,30684.0,38123.0,30987.864
1313,30684.0,37718.0,30956.63
1314,30684.0,37899.0,31054.532
1315,30684.0,37787.0,31046.454
1316,30684.0,38123.0,30980.008
1317,30684.0,38269.0,30966.428
1318,30684.0,37852.0,31009.146
1319,30684.0,38088.0,30978.284
1320,30684.0,38201.0,30999.46
1321,30684.0,37836.0,30909.804
1322,30684.0,37456.0,30948.76
1323,30684.0,38023.0,30956.064
1324,30684.0,37023.0,30989.018
1325,30684.0,37274.0,31019.46
1326,30684.0,37936.0,30893.208
1327,30684.0,37741.0,30918.676
1328,30684.0,37372.0,30915.596
1329,30684.0,38668.0,30902.392
1330,30684.0,37533.0,30927.794
1331,30684.0,37574.0,30993.554
1332,30684.0,37679.0,31024.452
1333,30684.0,37533.0,30944.118
1334,30684.0,38081.0,30995.81
1335,30684.0,38765.0,31023.298
1336,30684.0,37778.0,30978.87
1337,30684.0,38312.0,30969.754
1338,30684.0,37363.0,30829.48
1339,30684.0,37992.0,31008.638
1340,30684.0,37438.0,30929.378
1341,30684.0,37486.0,30970.956
1342,30684.0,38299.0,30946.406
1343,30684.0,37908.0,31096.158
1344,30684.0,38115.0,30972.476
1345,30684.0,36990.0,30959.318
1346,30684.0,38380.0,31073.694
1347,30684.0,38426.0,31059.646
1348,30684.0,37793.0,30997.81
1349,30684.0,37487.0,30951.326
1350,30684.0,38269.0,30963.828
1351,30684.0,37727.0,30933.02
1352,30684.0,38122.0,30997.81
1353,30684.0,37888.0,30925.838
1354,30684.0,38382.0,30958.044
1355,30684.0,37104.0,30934.056
1356,30684.0,37884.0,30922.512
1357,30684.0,37986.0,30948.232
1358,30684.0,37988.0,31046.982
1359,30684.0,37873.0,30951.984
1360,30684.0,37787.0,31015.486
1361,30684.0,38012.0,30985.244
1362,30684.0,38426.0,31026.216
1363,30684.0,38021.0,31036.214
1364,30684.0,37793.0,30993.204
1365,30684.0,38203.0,31044.892
1366,30684.0,37936.0,30906.88
1367,30684.0,38171.0,30961.9
1368,30684.0,37679.0,31032.18
1369,30684.0,38010.0,30910.374
1370,30684.0,37730.0,31001.382
1371,30684.0,37996.0,30910.384
1372,30684.0,37992.0,30964.374
1373,30684.0,36921.0,30979.668
1374,30684.0,38055.0,30996.064
1375,30684.0,37418.0,30919.416
1376,30684.0,37380.0,30953.632
1377,30684.0,38173.0,30911.678
1378,30684.0,37641.0,30965.534
1379,30684.0,38303.0,31053.024
1380,30684.0,36868.0,30901.8
1381,30684.0,37371.0,30983.35
1382,30684.0,38106.0,30947.09
1383,30684.0,37563.0,30898.87
1384,30684.0,37808.0,30915.96
1385,30684.0,38076.0,30930.642
1386,30684.0,37204.0,30941.786
1387,30684.0,37643.0,31050.066
1388,30684.0,37778.0,30895.842
1389,30684.0,37986.0,30906.778
1390,30684.0,37173.0,30906.66
1391,30684.0,38112.0,30978.896
1392,30684.0,37859.0,30971.34
1393,30684.0,37263.0,30930.59
1394,30684.0,37895.0,30935.968
1395,30684.0,37849.0,31002.65
1396,30684.0,38312.0,30996.734
1397,30684.0,37939.0,31080.44
1398,30684.0,38272.0,31021.84
1399,30684.0,37111.0,31011.796
1400,30684.0,37085.0,30923.646
1401,30684.0,37929.0,30956.302
1402,30684.0,37899.0,31015.752
1403,30684.0,37264.0,30938.176
1404,30684.0,37856.0,30930.336
1405,30684.0,37869.0,30976.964
1406,30684.0,38179.0,30960.592
1407,30684.0,37438.0,30991.75
1408,30684.0,38437.0,31032.17
1409,30684.0,36551.0,30904.892
1410,30684.0,37958.0,30949.606
1411,30684.0,36416.0,30879.442
1412,30684.0,38303.0,30962.284
1413,30684.0,38247.0,30991.058
1414,30684.0,38414.0,30998.098
1415,30684.0,37638.0,31026.146
1416,30684.0,37904.0,31027.956
1417,30684.0,38061.0,30936.178
1418,30684.0,38420.0,31047.328
1419,30684.0,37446.0,30930.512
1420,30684.0,37620.0,30933.162
1421,30684.0,38530.0,30978.194
1422,30684.0,37948.0,30928.004
1423,30684.0,36397.0,30905.732
1424,30684.0,37621.0,30955.698
1425,30684.0,36361.0,30986.816
1426,30684.0,38173.0,31082.396
1427,30684.0,38045.0,31029.282
1428,30684.0,37354.0,30984.76
1429,30684.0,38113.0,31002.934
1430,30684.0,37811.0,31036.204
1431,30684.0,37511.0,30898.844
1432,30684.0,37072.0,30928.468
1433,30684.0,37987.0,30971.548
1434,30684.0,38070.0,30974.674
1435,30684.0,37627.0,30960.568
1436,30684.0,37912.0,31036.328
1437,30684.0,37641.0,30970.322
1438,30684.0,37899.0,30984.73
1439,30684.0,36840.0,30923.118
1440,30684.0,38389.0,31033.026
1441,30684.0,36471.0,30900.494
1442,30684.0,38201.0,31035.274
1443,30684.0,38012.0,31069.9
1444,30684.0,37857.0,30969.198
1445,30684.0,36293.0,30855.17
1446,30684.0,37761.0,30971.934
1447,30684.0,37620.0,30930.722
1448,30684.0,37685.0,30961.12
1449,30684.0,38334.0,30947.12
1450,30684.0,36473.0,30956.98
1451,30684.0,37101.0,30992.084
1452,30684.0,38005.0,30951.652
1453,30684.0,37823.0,31048.55
1454,30684.0,37814.0,30969.436
1455,30684.0,38303.0,30969.452
1456,30684.0,38019.0,30890.668
1457,30684.0,38088.0,30999.384
1458,30684.0,38088.0,30982.966
1459,30684.0,37884.0,30999.364
1460,30684.0,37414.0,30920.55
1461,30684.0,38709.0,30992.984
1462,30684.0,36812.0,30887.426
1463,30684.0,36754.0,30901.786
1464,30684.0,37718.0,31020.778
1465,30684.0,38218.0,30948.098
1466,30684.0,37603.0,30958.59
1467,30684.0,37101.0,30901.476
1468,30684.0,38230.0,31000.922
1469,30684.0,37437.0,30996.926
1470,30684.0,37188.0,30943.762
1471,30684.0,38093.0,30958.07
1472,30684.0,37501.0,30916.088
1473,30684.0,37559.0,31021.96
1474,30684.0,38103.0,31014.488
1475,30684.0,38112.0,30907.854
1476,30684.0,37151.0,30949.53
1477,30684.0,37459.0,30991.238
1478,30684.0,38287.0,30936.158
1479,30684.0,37766.0,31045.32
1480,30684.0,38163.0,30901.31
1481,30684.0,38116.0,31012.642
1482,30684.0,37500.0,31063.41
1483,30684.0,38235.0,30973.674
1484,30684.0,37965.0,31127.38
1485,30684.0,37525.0,30954.492
1486,30684.0,38272.0,31005.878
1487,30684.0,38357.0,31069.46
1488,30684.0,38055.0,30932.91
1489,30684.0,37241.0,30974.214
1490,30684.0,37686.0,30986.472
1491,30684.0,37269.0,30988.714
1492,30684.0,38019.0,31002.888
1493,30684.0,37504.0,30945.166
1494,30684.0,36541.0,30957.852
1495,30684.0,37309.0,30944.114
1496,30684.0,38002.0,30919.598
1497,30684.0,37971.0,30978.378
1498,30684.0,37936.0,30939.536
1499,30684.0,38075.0,30966.882
1500,30684.0,38112.0,31010.27
1501,30684.0,37756.0,30935.056
1502,30684.0,37620.0,30862.06
1503,30684.0,37623.0,31061.888
1504,30684.0,38203.0,30972.74
1505,30684.0,37475.0,31049.432
1506,30684.0,38523.0,30943.918
1507,30684.0,37867.0,30949.134
1508,30684.0,37942.0,30993.722
1509,30684.0,37714.0,31033.99
1510,30684.0,38382.0,30964.416
1511,30684.0,37691.0,30934.654
1512,30684.0,38382.0,31054.266
1513,30684.0,38005.0,30961.438
1514,30684.0,38242.0,30858.492
1515,30684.0,38283.0,30933.894
1516,30684.0,38272.0,30939.082
1517,30684.0,37537.0,30963.938
1518,30684.0,37402.0,30988.748
1519,30684.0,36541.0,30919.676
1520,30684.0,37895.0,30961.096
1521,30684.0,38299.0,30964.792
1522,30684.0,37793.0,31003.74
1523,30684.0,37834.0,30954.266
1524,30684.0,37712.0,31009.912
1525,30684.0,37836.0,30999.592
1526,30684.0,37688.0,30998.344
1527,30684.0,38309.0,30900.366
1528,30684.0,37734.0,30911.552
1529,30684.0,37414.0,31026.776
1530,30684.0,37424.0,31004.738
1531,30684.0,36771.0,30944.95
1532,30684.0,37529.0,30979.12
1533,30684.0,37570.0,30964.302
1534,30684.0,37790.0,30957.14
1535,30684.0,38204.0,30972.614
1536,30684.0,37473.0,30935.472
1537,30684.0,37404.0,30984.35
1538,30684.0,37609.0,31010.536
1539,30684.0,37734.0,30838.572
1540,30684.0,37696.0,30987.344
1541,30684.0,38043.0,30965.78
1542,30684.0,36829.0,30904.51
1543,30684.0,38223.0,30967.13
1544,30684.0,38365.0,30982.744
1545,30684.0,37711.0,31043.628
1546,30684.0,37823.0,30938.15
1547,30684.0,37437.0,31063.26
1548,30684.0,36897.0,30965.874
1549,30684.0,38709.0,30957.732
1550,30684.0,37976.0,31097.248
1551,30684.0,37161.0,30973.132
1552,30684.0,37942.0,30947.03
1553,30684.0,38240.0,30969.984
1554,30684.0,38034.0,30964.78
1555,30684.0,38319.0,31054.096
1556,30684.0,37998.0,30962.404
1557,30684.0,38201.0,30979.398
1558,30684.0,38247.0,30925.676
1559,30684.0,38122.0,30981.19
1560,30684.0,36847.0,30905.644
1561,30684.0,38765.0,30982.332
1562,30684.0,37891.0,30960.076
1563,30684.0,38664.0,31056.462
1564,30684.0,38426.0,31014.246
1565,30684.0,38070.0,30996.102
1566,30684.0,38282.0,31007.838
1567,30684.0,38406.0,30988.132
1568,30684.0,37303.0,31025.75
1569,30684.0,38303.0,30941.414
1570,30684.0,37613.0,31008.226
1571,30684.0,38002.0,30953.544
1572,30684.0,37905.0,30972.974
1573,30684.0,37549.0,31032.06
1574,30684.0,38218.0,30997.082
1575,30684.0,36547.0,30918.098
1576,30684.0,37980.0,30968.36
1577,30684.0,37603.0,31039.844
1578,30684.0,37738.0,30974.268
1579,30684.0,37841.0,31185.988
1580,30684.0,37725.0,31028.592
1581,30684.0,38113.0,30991.33
1582,30684.0,37798.0,30928.91
1583,30684.0,36840.0,30926.724
1584,30684.0,37206.0,30868.882
1585,30684.0,37520.0,30935.258
1586,30684.0,37604.0,30933.614
1587,30684.0,37913.0,31001.402
1588,30684.0,37901.0,30911.42
1589,30684.0,36798.0,31002.946
1590,30684.0,38262.0,30934.612
1591,30684.0,37812.0,30957.164
1592,30684.0,38034.0,31008.646
1593,30684.0,38297.0,30948.82
1594,30684.0,38825.0,30984.394
1595,30684.0,37197.0,31032.732
1596,30684.0,38426.0,31007.45
1597,30684.0,37988.0,31047.098
1598,30684.0,37930.0,30955.876
1599,30684.0,37814.0,31004.582
1600,30684.0,37688.0,30932.872
1601,30684.0,38081.0,30939.26
1602,30684.0,36970.0,30940.44
1603,30684.0,37784.0,30951.956
1604,30684.0,38173.0,30896.114
1605,30684.0,37743.0,31028.658
1606,30684.0,37847.0,30953.876
1607,30684.0,37334.0,30912.13
1608,30684.0,37416.0,31013.598
1609,30684.0,38055.0,30985.082
1610,30684.0,37745.0,30865.846
1611,30684.0,37970.0,31051.322
1612,30684.0,37307.0,30970.858
1613,30684.0,36828.0,30928.226
1614,30684.0,37951.0,30888.056
1615,30684.0,36977.0,30935.512
1616,30684.0,37646.0,30980.854
1617,30684.0,38199.0,30930.614
1618,30684.0,37980.0,30906.65
1619,30684.0,38191.0,30942.652
1620,30684.0,38076.0,30963.102
1621,30684.0,38664.0,30978.068
1622,30684.0,37913.0,30928.55
1623,30684.0,36781.0,31000.374
1624,30684.0,38103.0,30920.824
1625,30684.0,37636.0,30937.654
1626,30684.0,37381.0,30969.04
1627,30684.0,38530.0,30928.712
1628,30684.0,37309.0,30957.762
1629,30684.0,38179.0,31044.714
1630,30684.0,37878.0,30940.87
1631,30684.0,36261.0,30888.118
1632,30684.0,37517.0,30999.01
1633,30684.0,37249.0,30961.036
1634,30566.0,38604.0,30982.602
1635,30566.0,37734.0,30953.744
1636,30566.0,37369.0,30930.482
1637,30566.0,37754.0,30810.424
1638,30566.0,37741.0,30775.136
1639,30566.0,37364.0,30849.292
1640,30566.0,37550.0,30872.042
1641,30566.0,37843.0,30842.712
1642,30566.0,37812.0,30786.974
1643,30566.0,37406.0,30877.66
1644,30566.0,36993.0,30767.992
1645,30566.0,37621.0,30934.968
1646,30566.0,37638.0,30793.138
1647,30566.0,37299.0,30854.726
1648,30566.0,37639.0,30808.578
1649,30566.0,38045.0,30849.07
1650,30566.0,37513.0,30897.498
1651,30566.0,36740.0,30896.692
1652,30566.0,38584.0,30850.09
1653,30566.0,38080.0,30885.596
1654,30566.0,37067.0,30919.802
1655,30532.0,37594.0,30889.292
1656,30532.0,37029.0,30846.86
1657,30532.0,38613.0,30881.948
1658,30532.0,37977.0,30822.116
1659,30532.0,38016.0,30799.692
1660,30532.0,37858.0,30814.834
1661,30532.0,37247.0,30763.368
1662,30532.0,38140.0,30869.428
1663,30532.0,37811.0,30782.588
1664,30532.0,38021.0,30842.642
1665,30532.0,38228.0,30818.224
1666,30532.0,37327.0,30853.17
1667,30532.0,38274.0,30940.066
1668,30532.0,37941.0,30785.528
1669,30532.0,36759.0,30773.864
1670,30532.0,37684.0,30827.18
1671,30532.0,37868.0,30831.932
1672,30532.0,38157.0,30749.22
1673,30532.0,37887.0,30843.322
1674,30532.0,37178.0,30876.616
1675,30532.0,37157.0,30767.586
1676,30532.0,37887.0,30765.654
1677,30532.0,38173.0,30787.554
1678,30532.0,37835.0,30821.448
1679,30532.0,37221.0,30867.4
1680,30532.0,37559.0,30848.646
1681,30532.0,37956.0,30806.88
1682,30532.0,37860.0,30933.444
1683,30532.0,37285.0,30747.62
1684,30532.0,37502.0,30737.39
1685,30532.0,37685.0,30724.152
1686,30532.0,37836.0,30764.288
1687,30532.0,37645.0,30718.762
1688,30532.0,37953.0,30778.002
1689,30532.0,37163.0,30780.434
1690,30532.0,37615.0,30801.702
1691,30532.0,36674.0,30845.396
1692,30532.0,38167.0,30803.814
1693,30532.0,37497.0,30825.218
1694,30532.0,37484.0,30814.576
1695,30532.0,37679.0,30829.9
1696,30532.0,37654.0,30869.352
1697,30532.0,36896.0,30858.752
1698,30532.0,36909.0,30764.842
1699,30532.0,36833.0,30805.43
1700,30532.0,37712.0,30891.716
1701,30532.0,36820.0,30811.422
1702,30532.0,37591.0,30813.474
1703,30532.0,37850.0,30803.684
1704,30532.0,37996.0,30805.972
1705,30532.0,36309.0,30767.448
1706,30532.0,37635.0,30760.698
1707,30532.0,38673.0,30879.332
1708,30532.0,38230.0,30809.424
1709,30532.0,37645.0,30839.628
1710,30532.0,36716.0,30806.992
1711,30532.0,37957.0,30817.282
1712,30532.0,38226.0,30758.974
1713,30532.0,37736.0,30809.002
1714,30532.0,37553.0,30825.084
1715,30532.0,37385.0,30736.018
1716,30532.0,37807.0,30805.256
1717,30532.0,37615.0,30819.406
1718,30532.0,37811.0,30806.798
1719,30532.0,37220.0,30835.01
1720,30532.0,37683.0,30788.836
1721,30532.0,37615.0,30821.66
1722,30532.0,37003.0,30811.52
1723,30532.0,38126.0,30829.946
1724,30532.0,38011.0,30817.588
1725,30532.0,37747.0,30806.638
1726,30532.0,37000.0,30879.28
1727,30532.0,38027.0,30830.922
1728,30532.0,37430.0,30817.442
1729,30532.0,37761.0,30799.778
1730,30532.0,37807.0,30831.142
1731,30532.0,36419.0,30872.784
1732,30532.0,38011.0,30859.504
1733,30532.0,37348.0,30829.176
1734,30532.0,37904.0,30839.12
1735,30532.0,37491.0,30842.618
1736,30488.0,37698.0,30811.96
1737,30488.0,37599.0,31035.902
1738,30488.0,36609.0,30660.046
1739,30488.0,37917.0,30762.17
1740,30488.0,37173.0,30697.082
1741,30488.0,37631.0,30777.826
1742,30488.0,37417.0,30807.584
1743,30488.0,37656.0,30814.63
1744,30488.0,37816.0,30768.788
1745,30488.0,37757.0,30786.156
1746,30488.0,38376.0,30783.856
1747,30488.0,36173.0,30656.718
1748,30488.0,37919.0,30775.996
1749,30488.0,37329.0,30796.94
1750,30488.0,36935.0,30828.946
1751,30488.0,37769.0,30893.262
1752,30488.0,37486.0,30761.394
1753,30488.0,37315.0,30764.844
1754,30488.0,36275.0,30831.128
1755,30488.0,37695.0,30736.484
1756,30488.0,37693.0,30788.518
1757,30488.0,36935.0,30750.642
1758,30488.0,37185.0,30763.358
1759,30488.0,36293.0,30816.316
1760,30488.0,37727.0,30806.564
1761,30488.0,37504.0,30784.682
1762,30488.0,37930.0,30811.158
1763,30488.0,37449.0,30817.768
1764,30488.0,37694.0,30782.384
1765,30488.0,36862.0,30793.714
1766,30488.0,37580.0,30807.716
1767,30488.0,37951.0,30781.714
1768,30488.0,37173.0,30683.184
1769,30488.0,37601.0,30825.494
1770,30488.0,38138.0,30722.292
1771,30488.0,36527.0,30734.452
1772,30488.0,37798.0,30752.046
1773,30488.0,36453.0,30751.716
1774,30488.0,37091.0,30809.664
1775,30488.0,37694.0,30723.392
1776,30488.0,36575.0,30698.914
1777,30488.0,37951.0,30793.588
1778,30488.0,38408.0,30849.68
1779,30488.0,37961.0,30756.35
1780,30488.0,37769.0,30764.39
1781,30488.0,37919.0,30827.33
1782,30488.0,37373.0,30822.232
1783,30488.0,37049.0,30759.97
1784,30488.0,37675.0,30738.494
1785,30488.0,38013.0,30881.806
1786,30488.0,37513.0,30774.156
1787,30488.0,37863.0,30826.544
1788,30488.0,37651.0,30827.056
1789,30488.0,36808.0,30860.416
1790,30488.0,37981.0,30778.376
1791,30488.0,36442.0,30747.118
1792,30488.0,37902.0,30805.076
1793,30488.0,36827.0,30697.046
1794,30488.0,37907.0,30710.616
1795,30488.0,37935.0,30760.43
1796,30488.0,37149.0,30770.202
1797,30488.0,37732.0,30744.098
1798,30488.0,37758.0,30857.064
1799,30488.0,37203.0,30804.01
1800,30488.0,37825.0,30798.688
1801,30488.0,37927.0,30777.966
1802,30488.0,37439.0,30744.16
1803,30488.0,37315.0,30689.532
1804,30488.0,36955.0,30764.386
1805,30488.0,37695.0,30805.924
1806,30488.0,38002.0,30786.482
1807,30488.0,37935.0,30779.574
1808,30488.0,37784.0,30645.472
1809,30488.0,37668.0,30805.472
1810,30488.0,37515.0,30763.384
1811,30488.0,37916.0,30755.41
1812,30488.0,36755.0,30736.6
1813,30488.0,37417.0,30783.55
1814,30488.0,37158.0,30751.34
1815,30488.0,37540.0,30776.714
1816,30488.0,37705.0,30730.21
1817,30488.0,38340.0,30826.376
1818,30488.0,38184.0,30794.574
1819,30488.0,37927.0,30837.488
1820,30488.0,37601.0,30745.854
1821,30488.0,37059.0,30794.956
1822,30488.0,37582.0,30741.474
1823,30488.0,37541.0,30756.496
1824,30488.0,36579.0,30697.046
1825,30488.0,37465.0,30758.158
1826,30488.0,37985.0,30735.46
1827,30488.0,37701.0,30792.046
1828,30488.0,37694.0,30822.656
1829,30488.0,37809.0,30765.914
1830,30488.0,35912.0,30803.836
1831,30488.0,37798.0,30728.848
1832,30488.0,38186.0,30764.202
1833,30488.0,36999.0,30748.574
1834,30488.0,37601.0,30688.514
1835,30488.0,37150.0,30723.662
1836,30488.0,37919.0,30802.172
1837,30488.0,38105.0,30777.682
1838,30488.0,36967.0,30712.742
1839,30488.0,37625.0,30742.21
1840,30488.0,37560.0,30793.03
1841,30488.0,36722.0,30777.304
1842,30488.0,37916.0,30758.51
1843,30488.0,37397.0,30703.642
1844,30488.0,38327.0,30828.374
1845,30488.0,37578.0,30797.442
1846,30488.0,37668.0,30767.302
1847,30488.0,37403.0,30767.086
1848,30488.0,42737.0,30934.456
1849,30488.0,38027.0,30808.022
1850,30488.0,37303.0,30820.728
1851,30488.0,36723.0,30676.634
1852,30488.0,37544.0,30704.762
1853,30488.0,37977.0,30850.722
1854,30488.0,37028.0,30776.134
1855,30488.0,36913.0,30731.244
1856,30488.0,36871.0,30721.334
1857,30488.0,37417.0,30758.698
1858,30488.0,37859.0,30870.782
1859,30488.0,37776.0,30791.406
1860,30488.0,38212.0,30764.114
1861,30488.0,38327.0,30835.69
1862,30488.0,37473.0,30740.766
1863,30488.0,37538.0,30832.504
1864,30488.0,37539.0,30802.166
1865,30488.0,37651.0,30819.352
1866,30488.0,37211.0,30806.752
1867,30488.0,36956.0,30697.93
1868,30488.0,38051.0,30778.608
1869,30488.0,38334.0,30773.1
1870,30488.0,37560.0,30732.162
1871,30488.0,38005.0,30790.182
1872,30488.0,37570.0,30694.834
1873,30488.0,36875.0,30784.746
1874,30488.0,37769.0,30799.18
1875,30488.0,38003.0,30749.6
1876,30488.0,37408.0,30833.572
1877,30488.0,37380.0,30754.67
1878,30488.0,36925.0,30701.724
1879,30488.0,38340.0,30746.292
1880,30488.0,38210.0,30717.13
1881,30488.0,37734.0,30702.124
1882,30488.0,38513.0,30820.498
1883,30488.0,37614.0,30762.026
1884,30488.0,36715.0,30758.876
1885,30488.0,37661.0,30761.264
1886,30488.0,37932.0,30882.624
1887,30488.0,37298.0,30827.47
1888,30488.0,37766.0,30743.358
1889,30488.0,37916.0,30840.578
1890,30488.0,37825.0,30753.604
1891,30488.0,37791.0,30736.394
1892,30488.0,37570.0,30771.73
1893,30488.0,37594.0,30789.47
1894,30488.0,37468.0,30744.058
1895,30488.0,37721.0,30781.242
1896,30488.0,37540.0,30825.418
1897,30488.0,37677.0,30831.26
1898,30488.0,38003.0,30774.968
1899,30488.0,38208.0,30730.594
1900,30488.0,37413.0,30796.898
1901,30488.0,37693.0,30760.886
1902,30488.0,37417.0,30878.628
1903,30488.0,37155.0,30761.026
1904,30488.0,36644.0,30753.548
1905,30488.0,37603.0,30764.788
1906,30488.0,37809.0,30729.462
1907,30488.0,38203.0,30771.002
1908,30488.0,38107.0,30819.84
1909,30488.0,37555.0,30777.524
1910,30488.0,37477.0,30706.128
1911,30488.0,38002.0,30701.42
1912,30488.0,38073.0,30889.436
1913,30488.0,38174.0,30815.488
1914,30488.0,37765.0,30824.264
1915,30488.0,37766.0,30727.74
1916,30488.0,37593.0,30723.912
1917,30488.0,37315.0,30781.964
1918,30488.0,35865.0,30735.232
1919,30488.0,37141.0,30787.462
1920,30488.0,37778.0,30848.354
1921,30488.0,36756.0,30734.478
1922,30488.0,37328.0,30858.1
1923,30488.0,37814.0,30769.638
1924,30488.0,37640.0,30770.652
1925,30488.0,36924.0,30821.682
1926,30488.0,37790.0,30760.008
1927,30488.0,37568.0,30854.088
1928,30488.0,37283.0,30821.428
1929,30488.0,36598.0,30704.476
1930,30488.0,38111.0,30805.086
1931,30488.0,37879.0,30863.618
1932,30488.0,37379.0,30713.864
1933,30488.0,37490.0,30790.774
1934,30488.0,39871.0,30839.524
1935,30488.0,36672.0,30727.586
1936,30488.0,37671.0,30740.566
1937,30488.0,37499.0,30833.248
1938,30488.0,37203.0,30743.452
1939,30488.0,37728.0,30716.744
1940,30488.0,38206.0,30760.838
1941,30488.0,37456.0,30732.572
1942,30488.0,36715.0,30677.084
1943,30488.0,37706.0,30789.26
1944,30488.0,37300.0,30823.886
1945,30488.0,37144.0,30754.024
1946,30488.0,37572.0,30805.936
1947,30488.0,37171.0,30783.992
1948,30488.0,38116.0,30821.468
1949,30488.0,37162.0,30818.876
1950,30488.0,37964.0,30684.474
1951,30488.0,38138.0,30891.844
1952,30488.0,38082.0,30694.136
1953,30488.0,36858.0,30785.432
1954,30488.0,38106.0,30777.7
1955,30488.0,37603.0,30721.01
1956,30488.0,37162.0,30693.204
1957,30488.0,38417.0,30763.23
1958,30488.0,37816.0,30815.088
1959,30488.0,38210.0,30703.894
1960,30488.0,37872.0,30762.794
1961,30488.0,37529.0,30779.242
1962,30488.0,37926.0,30723.924
1963,30488.0,37445.0,30821.934
1964,30488.0,37452.0,30747.728
1965,30488.0,37640.0,30709.124
1966,30488.0,36757.0,30737.134
1967,30488.0,36800.0,30720.652
1968,30488.0,38340.0,30695.228
1969,30488.0,38513.0,30784.98
1970,30488.0,37420.0,30821.794
1971,30488.0,37653.0,30775.81
1972,30488.0,38513.0,30801.536
1973,30488.0,38206.0,30885.322
1974,30488.0,37809.0,30712.958
1975,30488.0,38066.0,30756.268
1976,30488.0,37872.0,30853.492
1977,30488.0,38027.0,30849.612
1978,30488.0,37297.0,30779.354
1979,30488.0,37594.0,30820.138
1980,30488.0,38061.0,30825.276
1981,30488.0,37752.0,30787.538
1982,30488.0,38123.0,30733.34
1983,30488.0,37445.0,30765.034
1984,30488.0,37093.0,30826.096
1985,30488.0,37435.0,30840.066
1986,30488.0,37943.0,30794.14
1987,30488.0,37654.0,30809.574
1988,30488.0,38034.0,30807.238
1989,30488.0,36355.0,30685.37
1990,30488.0,37815.0,30755.998
1991,30488.0,37726.0,30705.35
1992,30488.0,36871.0,30720.17
1993,30488.0,37727.0,30701.906
1994,30488.0,37276.0,30732.57
1995,30488.0,38208.0,30716.422
1996,30488.0,36987.0,30723.498
1997,30488.0,37907.0,30729.592
1998,30488.0,37952.0,30703.028
1999,30488.0,38193.0,30735.334
2000,30488.0,38265.0,30922.208
2001,30488.0,38472.0,30749.038
2002,30488.0,38513.0,30817.042
2003,30488.0,38061.0,30860.994
2004,30488.0,37425.0,30721.73
2005,30488.0,38408.0,30776.026
2006,30488.0,38569.0,30729.896
2007,30488.0,37756.0,30724.538
2008,30488.0,37814.0,30739.398
2009,30488.0,37374.0,30724.848
2010,30488.0,38107.0,30726.164
2011,30488.0,37816.0,30756.022
2012,30488.0,37885.0,30747.294
2013,30488.0,38048.0,30789.912
2014,30488.0,37594.0,30747.964
2015,30488.0,36948.0,30809.338
2016,30488.0,38008.0,30800.482
2017,30488.0,38096.0,30766.228
2018,30488.0,37378.0,30758.758
2019,30488.0,38192.0,30770.714
2020,30488.0,36385.0,30824.082
2021,30488.0,37281.0,30731.94
2022,30488.0,37509.0,30852.582
2023,30488.0,37825.0,30793.748
2024,30488.0,37587.0,30795.926
2025,30488.0,37518.0,30801.218
2026,30488.0,37824.0,30859.482
2027,30488.0,38107.0,30790.774
2028,30488.0,37736.0,30776.84
2029,30488.0,37473.0,30802.702
2030,30488.0,38001.0,30773.468
2031,30488.0,36979.0,30830.46
2032,30488.0,37572.0,30827.354
2033,30488.0,37157.0,30719.578
2034,30488.0,37875.0,30814.028
2035,30488.0,37066.0,30773.124
2036,30488.0,37730.0,30816.842
2037,30488.0,36760.0,30728.19
2038,30488.0,36956.0,30668.958
2039,30488.0,37788.0,30802.252
2040,30488.0,37703.0,30798.624
2041,30488.0,36588.0,30675.898
2042,30488.0,37913.0,30827.322
2043,30488.0,37746.0,30870.426
2044,30488.0,37863.0,30794.594
2045,30488.0,37792.0,30738.732
2046,30488.0,37752.0,30749.326
2047,30488.0,37837.0,30735.126
2048,30488.0,37433.0,30813.92
2049,30488.0,37863.0,30736.276
2050,30488.0,37560.0,30829.292
2051,30488.0,38230.0,30806.418
2052,30488.0,37373.0,30742.072
2053,30488.0,37895.0,30845.512
2054,30488.0,37336.0,30791.352
2055,30488.0,37663.0,30796.178
2056,30488.0,37972.0,30698.3
2057,30488.0,37757.0,30822.136
2058,30488.0,36855.0,30886.982
2059,30476.0,37439.0,30842.422
2060,30476.0,37066.0,30764.368
2061,30476.0,36745.0,30669.948
2062,30476.0,37537.0,30738.576
2063,30476.0,37551.0,30717.43
2064,30476.0,37953.0,30830.942
2065,30476.0,37825.0,30742.822
2066,30476.0,37314.0,30753.692
2067,30476.0,37341.0,30776.29
2068,30476.0,37570.0,30723.478
2069,30476.0,37848.0,30701.806
2070,30476.0,37783.0,30716.902
2071,30476.0,37977.0,30804.092
2072,30476.0,37473.0,30834.638
2073,30476.0,38301.0,30810.526
2074,30476.0,37776.0,30762.742
2075,30476.0,38093.0,30818.21
2076,30476.0,37600.0,30743.616
2077,30476.0,37691.0,30748.606
2078,30476.0,38001.0,30777.678
2079,30476.0,37524.0,30742.27
2080,30476.0,37709.0,30815.498
2081,30476.0,37683.0,30829.652
2082,30476.0,38174.0,30796.416
2083,30476.0,36196.0,30715.836
2084,30476.0,36536.0,30732.842
2085,30476.0,36962.0,30724.276
2086,30476.0,38010.0,30799.65
2087,30476.0,37582.0,30765.798
2088,30476.0,37558.0,30833.256
2089,30476.0,37558.0,30773.394
2090,30476.0,37965.0,30746.428
2091,30476.0,37750.0,30740.31
2092,30476.0,37568.0,30736.208
2093,30476.0,37991.0,30756.754
2094,30476.0,36631.0,30696.234
2095,30476.0,36706.0,30708.42
2096,30476.0,36337.0,30749.342
2097,30476.0,37674.0,30817.906
2098,30476.0,38172.0,30708.328
2099,30476.0,37356.0,30864.164
2100,30476.0,37827.0,30767.086
2101,30476.0,36573.0,30779.956
2102,30476.0,37766.0,30770.028
2103,30476.0,38172.0,30725.464
2104,30476.0,36879.0,30775.502
2105,30476.0,37803.0,30766.578
2106,30476.0,38010.0,30762.978
2107,30476.0,37368.0,30795.034
2108,30476.0,37551.0,30711.708
2109,30476.0,38036.0,30699.534
2110,30476.0,38172.0,30860.772
2111,30476.0,37739.0,30752.518
2112,30476.0,37985.0,30788.948
2113,30476.0,38460.0,30824.21
2114,30476.0,36936.0,30738.024
2115,30476.0,37780.0,30776.176
2116,30476.0,37649.0,30755.266
2117,30476.0,38617.0,30729.932
2118,30476.0,37696.0,30765.468
2119,30476.0,37644.0,30766.24
2120,30476.0,36844.0,30784.46
2121,30476.0,37421.0,30750.08
2122,30476.0,37986.0,30783.432
2123,30476.0,37620.0,30784.52
2124,30476.0,37826.0,30752.43
2125,30476.0,37889.0,30734.122
2126,30476.0,38218.0,30807.114
2127,30476.0,37815.0,30736.364
2128,30476.0,37772.0,30824.304
2129,30476.0,37885.0,30725.496
2130,30476.0,36900.0,30775.604
2131,30476.0,38557.0,30773.994
2132,30476.0,37368.0,30855.04
2133,30476.0,37746.0,30729.636
2134,30476.0,36851.0,30749.002
2135,30476.0,37921.0,30733.992
2136,30476.0,37438.0,30842.518
2137,30476.0,37247.0,30766.824
2138,30476.0,36907.0,30684.308
2139,30476.0,37783.0,30846.842
2140,30476.0,37532.0,30767.516
2141,30476.0,37624.0,30741.358
2142,30476.0,37995.0,30721.042
2143,30476.0,37895.0,30778.938
2144,30476.0,37825.0,30775.948
2145,30476.0,37124.0,30743.712
2146,30476.0,37222.0,30833.836
2147,30476.0,38076.0,30784.7
2148,30476.0,37619.0,30792.69
2149,30476.0,37745.0,30642.19
2150,30476.0,37527.0,30809.752
2151,30476.0,36847.0,30753.782
2152,30476.0,37754.0,30820.876
2153,30476.0,37889.0,30792.182
2154,30476.0,37996.0,30681.602
2155,30476.0,37827.0,30646.654
2156,30476.0,37582.0,30749.228
2157,30476.0,37314.0,30717.224
2158,30476.0,37825.0,30690.632
2159,30476.0,37647.0,30746.224
2160,30476.0,37497.0,30710.056
2161,30476.0,37709.0,30803.068
2162,30476.0,37286.0,30712.41
2163,30476.0,37288.0,30713.116
2164,30476.0,35961.0,30681.976
2165,30476.0,38076.0,30746.714
2166,30476.0,37963.0,30716.072
2167,30476.0,37729.0,30697.964
2168,30476.0,37915.0,30798.098
2169,30476.0,37778.0,30781.184
2170,30476.0,37191.0,30715.364
2171,30476.0,38034.0,30770.454
2172,30476.0,36860.0,30715.334
2173,30476.0,37210.0,30793.036
2174,30476.0,37758.0,30741.774
2175,30476.0,37648.0,30769.376
2176,30476.0,37705.0,30737.108
2177,30476.0,38396.0,30807.272
2178,30476.0,37728.0,30795.974
2179,30476.0,36951.0,30780.906
2180,30476.0,37986.0,30701.066
2181,30476.0,37684.0,30804.914
2182,30476.0,37425.0,30737.996
2183,30476.0,36540.0,30755.258
2184,30476.0,37487.0,30728.188
2185,30476.0,36884.0,30676.912
2186,30476.0,38162.0,30829.302
2187,30476.0,37478.0,30687.5
2188,30476.0,37786.0,30859.368
2189,30476.0,37989.0,30832.376
2190,30476.0,38162.0,30816.554
2191,30476.0,37551.0,30682.13
2192,30476.0,36587.0,30804.38
2193,30476.0,37953.0,30801.782
2194,30476.0,37558.0,30762.044
2195,30476.0,38146.0,30834.998
2196,30476.0,37848.0,30697.482
2197,30476.0,37193.0,30747.012
2198,30476.0,37804.0,30750.048
2199,30476.0,37973.0,30788.498
2200,30476.0,37995.0,30749.226
2201,30476.0,37566.0,30779.518
2202,30476.0,37885.0,30769.492
2203,30476.0,37351.0,30853.346
2204,30476.0,37260.0,30749.636
2205,30476.0,37497.0,30715.32
2206,30476.0,37959.0,30872.974
2207,30476.0,37772.0,30729.128
2208,30476.0,38101.0,30691.84
2209,30476.0,37804.0,30737.628
2210,30476.0,37598.0,30644.322
2211,30476.0,38322.0,30783.722
2212,30476.0,37019.0,30718.756
2213,30476.0,37994.0,30769.418
2214,30476.0,36815.0,30679.592
2215,30476.0,37318.0,30869.054
2216,30476.0,37295.0,30770.974
2217,30476.0,37718.0,30803.446
2218,30476.0,38079.0,30825.172
2219,30476.0,37515.0,30700.706
2220,30476.0,37908.0,30737.476
2221,30476.0,38010.0,30776.098
2222,30476.0,37566.0,30725.206
2223,30476.0,38328.0,30759.034
2224,30476.0,37691.0,30728.724
2225,30476.0,38133.0,30727.972
2226,30476.0,37421.0,30843.278
2227,30476.0,37691.0,30716.154
2228,30476.0,37990.0,30786.066
2229,30476.0,37914.0,30788.196
2230,30476.0,37867.0,30871.6
2231,30476.0,37617.0,30859.87
2232,30476.0,37571.0,30731.274
2233,30476.0,37823.0,30835.406
2234,30476.0,37790.0,30713.812
2235,30476.0,37617.0,30777.614
2236,30476.0,37800.0,30759.592
2237,30476.0,38172.0,30861.002
2238,30476.0,37991.0,30803.384
2239,30476.0,37745.0,30751.38
2240,30476.0,37813.0,30817.682
2241,30476.0,38212.0,30719.094
2242,30476.0,37831.0,30845.71
2243,30476.0,38076.0,30805.61
2244,30476.0,38460.0,30735.186
2245,30476.0,37461.0,30740.69
2246,30476.0,37965.0,30733.896
2247,30476.0,37991.0,30816.342
2248,30476.0,37467.0,30686.532
2249,30476.0,37915.0,30800.698
2250,30476.0,37705.0,30764.55
2251,30476.0,38099.0,30756.14
2252,30476.0,37931.0,30726.03
2253,30476.0,37293.0,30713.698
2254,30476.0,37859.0,30681.678
2255,30476.0,38198.0,30739.05
2256,30476.0,37895.0,30717.996
2257,30476.0,37566.0,30754.386
2258,30476.0,37862.0,30808.336
2259,30476.0,37800.0,30808.348
2260,30476.0,38105.0,30732.92
2261,30476.0,38172.0,30797.058
2262,30476.0,37378.0,30736.29
2263,30476.0,38174.0,30764.188
2264,30476.0,37993.0,30860.914
2265,30476.0,37991.0,30809.986
2266,30476.0,36513.0,30750.492
2267,30476.0,37351.0,30802.636
2268,30476.0,36937.0,30755.338
2269,30476.0,36667.0,30711.01
2270,30476.0,37584.0,30766.798
2271,30476.0,37137.0,30669.78
2272,30476.0,38076.0,30744.552
2273,30476.0,37357.0,30781.53
2274,30476.0,37915.0,30740.776
2275,30476.0,38084.0,30843.346
2276,30476.0,36670.0,30781.97
2277,30476.0,37904.0,30747.504
2278,30476.0,37351.0,30741.586
2279,30476.0,37229.0,30801.674
2280,30476.0,37293.0,30765.856
2281,30476.0,37585.0,30798.11
2282,30476.0,37713.0,30857.56
2283,30476.0,37868.0,30842.75
2284,30476.0,37361.0,30758.062
2285,30476.0,37570.0,30748.17
2286,30476.0,37208.0,30695.362
2287,30476.0,37905.0,30796.684
2288,30476.0,37650.0,30841.816
2289,30476.0,38174.0,30778.654
2290,30476.0,37519.0,30791.598
2291,30476.0,37731.0,30768.818
2292,30476.0,37543.0,30760.794
2293,30476.0,37783.0,30762.982
2294,30476.0,37041.0,30673.584
2295,30476.0,38253.0,30731.766
2296,30476.0,37321.0,30766.122
2297,30476.0,37639.0,30774.518
2298,30476.0,38099.0,30732.132
2299,30476.0,37728.0,30861.78
2300,30476.0,37691.0,30769.296
2301,30476.0,37317.0,30821.772
2302,30476.0,37479.0,30685.484
2303,30476.0,37815.0,30784.646
2304,30476.0,37990.0,30785.976
2305,30476.0,37983.0,30811.44
2306,30476.0,36528.0,30782.164
2307,30476.0,36982.0,30824.66
2308,30476.0,37312.0,30717.844
2309,30476.0,37653.0,30760.408
2310,30476.0,37728.0,30788.536
2311,30476.0,36614.0,30757.816
2312,30476.0,37940.0,30779.33
2313,30476.0,38460.0,30794.244
2314,30476.0,37778.0,30786.436
2315,30476.0,37442.0,30776.188
2316,30476.0,38157.0,30791.22
2317,30476.0,38019.0,30801.21
2318,30476.0,38206.0,30669.356
2319,30476.0,37995.0,30783.918
2320,30476.0,37908.0,30727.858
2321,30476.0,36509.0,30719.496
2322,30476.0,37824.0,30767.984
2323,30476.0,37467.0,30727.54
2324,30476.0,37573.0,30740.616
2325,30476.0,37421.0,30709.774
2326,30476.0,37408.0,30768.936
2327,30476.0,37778.0,30805.074
2328,30476.0,37824.0,30807.196
2329,30476.0,37851.0,30774.194
2330,30476.0,37779.0,30708.472
2331,30476.0,38099.0,30804.084
2332,30476.0,38206.0,30822.506
2333,30476.0,37362.0,30693.992
2334,30476.0,37651.0,30723.012
2335,30476.0,37097.0,30718.548
2336,30476.0,37745.0,30755.982
2337,30476.0,37506.0,30697.272
2338,30476.0,37148.0,30817.76
2339,30476.0,38322.0,30852.262
2340,30476.0,38212.0,30751.012
2341,30476.0,37479.0,30739.166
2342,30476.0,37616.0,30720.368
2343,30476.0,37566.0,30803.056
2344,30476.0,37826.0,30751.86
2345,30476.0,37824.0,30756.854
2346,30476.0,38068.0,30807.116
2347,30476.0,37274.0,30744.496
2348,30476.0,37994.0,30740.484
2349,30476.0,37668.0,30833.198
2350,30476.0,37566.0,30794.938
2351,30476.0,37520.0,30747.616
2352,30476.0,37789.0,30784.338
2353,30476.0,37307.0,30646.766
2354,30476.0,36647.0,30723.332
2355,30476.0,37628.0,30739.824
2356,30476.0,37860.0,30808.926
2357,30476.0,37368.0,30829.884
2358,30476.0,38117.0,30735.762
2359,30476.0,36965.0,30700.804
2360,30476.0,38218.0,30755.892
2361,30476.0,38253.0,30738.152
2362,30476.0,37604.0,30734.586
2363,30476.0,37542.0,30760.794
2364,30476.0,37659.0,30763.152
2365,30476.0,37674.0,30731.33
2366,30476.0,37740.0,30712.348
2367,30476.0,37745.0,30770.398
2368,30476.0,38328.0,30839.948
2369,30476.0,37388.0,30683.86
2370,30476.0,37571.0,30800.966
2371,30476.0,37696.0,30781.804
2372,30476.0,37690.0,30824.454
2373,30476.0,37921.0,30760.42
2374,30476.0,37238.0,30720.226
2375,30476.0,37873.0,30740.028
2376,30476.0,37659.0,30745.752
2377,30476.0,37689.0,30785.63
2378,30476.0,37610.0,30750.26
2379,30476.0,37628.0,30816.304
2380,30476.0,37885.0,30858.08
2381,30476.0,37734.0,30719.876
2382,30476.0,38013.0,30693.442
2383,30476.0,37582.0,30712.086
2384,30476.0,37745.0,30795.632
2385,30476.0,37461.0,30724.094
2386,30476.0,37122.0,30779.96
2387,30476.0,38027.0,30740.73
2388,30476.0,37512.0,30747.68
2389,30476.0,37923.0,30829.092
2390,30476.0,37533.0,30772.402
2391,30476.0,38322.0,30739.796
2392,30476.0,36976.0,30770.316
2393,30476.0,38070.0,30753.262
2394,30476.0,36188.0,30728.58
2395,30476.0,38253.0,30756.48
2396,30476.0,37757.0,30745.418
2397,30476.0,37489.0,30778.702
2398,30476.0,37880.0,30757.618
2399,30476.0,38027.0,30769.038
2400,30476.0,37780.0,30849.316
2401,30476.0,37669.0,30719.43
2402,30476.0,37897.0,30798.748
2403,30476.0,37548.0,30812.696
2404,30476.0,37963.0,30797.348
2405,30476.0,37199.0,30693.038
2406,30476.0,38315.0,30735.962
2407,30476.0,37325.0,30690.282
2408,30476.0,37969.0,30746.21
2409,30476.0,37853.0,30772.362
2410,30476.0,37616.0,30740.706
2411,30476.0,37963.0,30794.158
2412,30476.0,37362.0,30806.692
2413,30476.0,37126.0,30815.128
2414,30476.0,37553.0,30738.576
2415,30476.0,37740.0,30741.366
2416,30476.0,38471.0,30739.678
2417,30476.0,37915.0,30747.286
2418,30476.0,38501.0,30765.356
2419,30476.0,37229.0,30713.294
2420,30476.0,37796.0,30766.874
2421,30476.0,37826.0,30811.162
2422,30476.0,37815.0,30760.802
2423,30476.0,37229.0,30857.51
2424,30476.0,37015.0,30747.592
2425,30476.0,37848.0,30774.08
2426,30476.0,37412.0,30784.346
2427,30476.0,37204.0,30797.674
2428,30476.0,36448.0,30694.084
2429,30476.0,37701.0,30746.108
2430,30476.0,37750.0,30808.648
2431,30476.0,37321.0,30779.304
2432,30476.0,37883.0,30846.284
2433,30476.0,37905.0,30711.046
2434,30476.0,36719.0,30788.986
2435,30476.0,37682.0,30790.484
2436,30476.0,38364.0,30728.426
2437,30476.0,37659.0,30671.168
2438,30476.0,37522.0,30803.772
2439,30476.0,37923.0,30759.178
2440,30476.0,36119.0,30651.85
2441,30476.0,37812.0,30731.522
2442,30476.0,36860.0,30715.928
2443,30476.0,37547.0,30723.818
2444,30476.0,37170.0,30679.046
2445,30476.0,37720.0,30711.96
2446,30476.0,37833.0,30759.404
2447,30476.0,37680.0,30757.968
2448,30476.0,37395.0,30687.638
2449,30476.0,37305.0,30734.398
2450,30476.0,38569.0,30768.716
2451,30476.0,37615.0,30740.084
2452,30476.0,37894.0,30723.3
2453,30476.0,37778.0,30755.612
2454,30476.0,36685.0,30785.968
2455,30476.0,36982.0,30627.33
2456,30476.0,37678.0,30725.668
2457,30476.0,38195.0,30884.82
2458,30476.0,37568.0,30754.426
2459,30476.0,37566.0,30844.076
2460,30476.0,37712.0,30741.764
2461,30476.0,37825.0,30722.336
2462,30476.0,37813.0,30821.344
2463,30476.0,37362.0,30792.06
2464,30476.0,38101.0,30790.484
2465,30476.0,38174.0,30735.696
2466,30476.0,36108.0,30731.524
2467,30476.0,37904.0,30722.278
2468,30476.0,37989.0,30846.222
2469,30476.0,38034.0,30786.474
2470,30476.0,37802.0,30756.896
2471,30476.0,37366.0,30753.224
2472,30476.0,37745.0,30825.304
2473,30476.0,38139.0,30785.012
2474,30476.0,37622.0,30741.728
2475,30476.0,37939.0,30797.824
2476,30476.0,37591.0,30813.82
2477,30476.0,37964.0,30743.046
2478,30476.0,37907.0,30714.71
2479,30476.0,36782.0,30700.854
2480,30476.0,37615.0,30863.158
2481,30476.0,37751.0,30754.128
2482,30476.0,37143.0,30715.97
2483,30476.0,37754.0,30775.906
2484,30476.0,37159.0,30728.116
2485,30476.0,37800.0,30749.62
2486,30476.0,37875.0,30748.316
2487,30476.0,37368.0,30884.174
2488,30476.0,35995.0,30631.138
2489,30476.0,37564.0,30740.452
2490,30476.0,37279.0,30786.678
2491,30476.0,37229.0,30749.848
2492,30476.0,38117.0,30811.434
2493,30476.0,37720.0,30816.742
2494,30476.0,38157.0,30863.476
2495,30476.0,37271.0,30795.098
2496,30476.0,37963.0,30758.248
2497,30476.0,37168.0,30737.852
2498,30476.0,38068.0,30789.826
2499,30476.0,37722.0,30708.614
2500,30476.0,37399.0,30793.37
2501,30476.0,36888.0,30726.474
2502,30476.0,36972.0,30655.174
2503,30476.0,37783.0,30865.844
2504,30476.0,37497.0,30748.192
2505,30476.0,37558.0,30772.676
2506,30476.0,37419.0,30758.672
2507,30476.0,37995.0,30740.686
2508,30476.0,37683.0,30771.942
2509,30476.0,37116.0,30697.16
2510,30476.0,37006.0,30794.084
2511,30476.0,37889.0,30783.336
2512,30476.0,38101.0,30820.34
2513,30476.0,37672.0,30822.864
2514,30476.0,36648.0,30702.27
2515,30476.0,37668.0,30742.622
2516,30476.0,37955.0,30735.318
2517,30476.0,37138.0,30762.958
2518,30476.0,37835.0,30744.66
2519,30476.0,37543.0,30756.018
2520,30476.0,36931.0,30777.404
2521,30476.0,37279.0,30720.002
2522,30476.0,37199.0,30743.676
2523,30476.0,37176.0,30708.146
2524,30476.0,37501.0,30736.394
2525,30476.0,38049.0,30738.336
2526,30476.0,38139.0,30780.042
2527,30476.0,37812.0,30781.176
2528,30476.0,37442.0,30746.462
2529,30476.0,38010.0,30758.036
2530,30476.0,36655.0,30739.378
2531,30476.0,38093.0,30819.514
2532,30476.0,36339.0,30752.938
2533,30476.0,37412.0,30751.358
2534,30476.0,37566.0,30780.294
2535,30476.0,37925.0,30827.194
2536,30476.0,37709.0,30763.414
2537,30476.0,36218.0,30688.352
2538,30476.0,37921.0,30832.07
2539,30476.0,37923.0,30756.142
2540,30476.0,37895.0,30812.074
2541,30476.0,37612.0,30701.096
2542,30476.0,37016.0,30698.234
2543,30476.0,37966.0,30810.634
2544,30476.0,36643.0,30754.526
2545,30476.0,38172.0,30749.568
2546,30476.0,36975.0,30766.822
2547,30476.0,36496.0,30714.476
2548,30476.0,37901.0,30783.924
2549,30476.0,38157.0,30781.412
2550,30476.0,37131.0,30778.612
2551,30476.0,38049.0,30809.696
2552,30476.0,38001.0,30807.114
2553,30476.0,37867.0,30704.432
2554,30476.0,37991.0,30754.59
2555,30476.0,37985.0,30795.682
2556,30476.0,37642.0,30816.994
2557,30476.0,37813.0,30738.04
2558,30476.0,37368.0,30694.474
2559,30476.0,37783.0,30750.956
2560,30476.0,38405.0,30771.476
2561,30476.0,37786.0,30734.62
2562,30476.0,37489.0,30687.01
2563,30476.0,39834.0,30800.838
2564,30476.0,36184.0,30758.614
2565,30476.0,37804.0,30898.908
2566,30476.0,36984.0,30704.036
2567,30476.0,36629.0,30739.942
2568,30476.0,37503.0,30732.634
2569,30476.0,43614.0,30759.214
2570,30476.0,38146.0,30846.932
2571,30476.0,37553.0,30772.974
2572,30476.0,37548.0,30722.222
2573,30476.0,37889.0,30778.124
2574,30476.0,37547.0,30719.87
2575,30476.0,36644.0,30699.484
2576,30476.0,37949.0,30709.246
2577,30476.0,37314.0,30771.308
2578,30476.0,37519.0,30837.8
2579,30476.0,37907.0,30733.828
2580,30476.0,37132.0,30651.24
2581,30476.0,38198.0,30842.954
2582,30476.0,36405.0,30681.41
2583,30476.0,37715.0,30779.034
2584,30476.0,37102.0,30712.268
2585,30476.0,37329.0,30681.622
2586,30476.0,38557.0,30798.16
2587,30476.0,37548.0,30741.366
2588,30476.0,37753.0,30784.106
2589,30476.0,37138.0,30720.984
2590,30476.0,37813.0,30718.988
2591,30476.0,37564.0,30809.294
2592,30476.0,37559.0,30724.374
2593,30476.0,37435.0,30726.83
2594,30476.0,37615.0,30819.22
2595,30476.0,36965.0,30739.306
2596,30476.0,38101.0,30798.018
2597,30476.0,37731.0,30823.128
2598,30476.0,37876.0,30785.602
2599,30476.0,37848.0,30703.268
2600,30476.0,37600.0,30815.872
2601,30476.0,38117.0,30769.264
2602,30476.0,37720.0,30805.454
2603,30476.0,37663.0,30727.246
2604,30476.0,37682.0,30740.914
2605,30476.0,36931.0,30728.944
2606,30476.0,37991.0,30758.796
2607,30476.0,37433.0,30749.814
2608,30476.0,37949.0,30893.97
2609,30476.0,37590.0,30717.784
2610,30476.0,38027.0,30766.102
2611,30476.0,37691.0,30750.272
2612,30476.0,37101.0,30760.824
2613,30476.0,37405.0,30681.846
2614,30476.0,38301.0,30824.27
2615,30476.0,37408.0,30819.688
2616,30476.0,36828.0,30706.366
2617,30476.0,38170.0,30720.79
2618,30476.0,36965.0,30784.836
2619,30476.0,37709.0,30804.172
2620,30476.0,37768.0,30752.146
2621,30476.0,38015.0,30693.002
2622,30476.0,38364.0,30776.162
2623,30476.0,36053.0,30743.876
2624,30476.0,37875.0,30767.416
2625,30476.0,36764.0,30768.816
2626,30476.0,37477.0,30733.774
2627,30476.0,36763.0,30684.824
2628,30476.0,37027.0,30748.22
2629,30476.0,37130.0,30683.002
2630,30476.0,36551.0,30706.462
2631,30476.0,37890.0,30782.87
2632,30476.0,37868.0,30758.876
2633,30476.0,37384.0,30894.882
2634,30476.0,37895.0,30792.364
2635,30476.0,37811.0,30754.018
2636,30476.0,36958.0,30733.268
2637,30476.0,36656.0,30765.38
2638,30476.0,38218.0,30782.486
2639,30476.0,37308.0,30711.684
2640,30476.0,37750.0,30722.724
2641,30476.0,37473.0,30729.248
2642,30476.0,38061.0,30720.548
2643,30476.0,37014.0,30701.176
2644,30476.0,37437.0,30727.628
2645,30476.0,36982.0,30723.494
2646,30476.0,37067.0,30796.536
2647,30476.0,37960.0,30721.1
2648,30476.0,37724.0,30766.6
2649,30476.0,37860.0,30784.116
2650,30476.0,37915.0,30776.372
2651,30476.0,36189.0,30664.568
2652,30476.0,37033.0,30736.59
2653,30476.0,37678.0,30800.13
2654,30476.0,37734.0,30743.504
2655,30476.0,36998.0,30755.196
2656,30476.0,37533.0,30765.504
2657,30476.0,37689.0,30726.782
2658,30476.0,37511.0,30814.56
2659,30476.0,38049.0,30794.898
2660,30476.0,37538.0,30805.642
2661,30476.0,37991.0,30745.316
2662,30476.0,37754.0,30844.19
2663,30476.0,38070.0,30676.214
2664,30476.0,37447.0,30704.374
2665,30476.0,37633.0,30736.134
2666,30476.0,37571.0,30724.222
2667,30476.0,36613.0,30740.932
2668,30476.0,37095.0,30728.858
2669,30476.0,37082.0,30743.45
2670,30476.0,37478.0,30809.112
2671,30476.0,37547.0,30752.5
2672,30476.0,37626.0,30735.784
2673,30476.0,37641.0,30828.81
2674,30476.0,37746.0,30739.134
2675,30476.0,37041.0,30723.29
2676,30476.0,38218.0,30857.034
2677,30476.0,37700.0,30734.724
2678,30476.0,37853.0,30743.118
2679,30476.0,37528.0,30769.78
2680,30476.0,37876.0,30685.704
2681,30476.0,37650.0,30839.774
2682,30476.0,37107.0,30754.29
2683,30476.0,37709.0,30829.928
2684,30476.0,37715.0,30769.834
2685,30476.0,37757.0,30779.466
2686,30476.0,37983.0,30793.702
2687,30476.0,37497.0,30815.424
2688,30476.0,38218.0,30725.946
2689,30476.0,36962.0,30820.69
2690,30476.0,37324.0,30692.53
2691,30476.0,37458.0,30696.526
2692,30476.0,37911.0,30758.02
2693,30476.0,37895.0,30823.384
2694,30476.0,37862.0,30752.14
2695,30476.0,37989.0,30722.246
2696,30476.0,38042.0,30700.456
2697,30476.0,37512.0,30723.558
2698,30476.0,37745.0,30753.532
2699,30476.0,36831.0,30806.096
2700,30476.0,37991.0,30820.722
2701,30476.0,36992.0,30754.546
2702,30476.0,37527.0,30815.878
2703,30476.0,37433.0,30668.806
2704,30476.0,37279.0,30727.522
2705,30476.0,37027.0,30741.586
2706,30476.0,37286.0,30686.218
2707,30476.0,37527.0,30725.086
2708,30476.0,37813.0,30741.21
2709,30476.0,38039.0,30849.728
2710,30476.0,37102.0,30853.374
2711,30476.0,37612.0,30806.712
2712,30476.0,36246.0,30740.892
2713,30476.0,36220.0,30736.108
2714,30476.0,38218.0,30768.94
2715,30476.0,37503.0,30745.57
2716,30476.0,37380.0,30708.484
2717,30476.0,37137.0,30771.52
2718,30476.0,38172.0,30832.444
2719,30476.0,37778.0,30755.966
2720,30476.0,36912.0,30702.366
2721,30476.0,38196.0,30830.666
2722,30476.0,37314.0,30739.244
2723,30476.0,38218.0,30765.88
2724,30476.0,37362.0,30888.546
2725,30476.0,36757.0,30761.738
2726,30476.0,38494.0,30761.636
2727,30476.0,38093.0,30762.234
2728,30476.0,37802.0,30671.142
2729,30476.0,38363.0,30762.62
2730,30476.0,37690.0,30818.87
2731,30476.0,37114.0,30790.542
2732,30476.0,36501.0,30688.67
2733,30476.0,37973.0,30755.84
2734,30476.0,37966.0,30711.686
2735,30476.0,38042.0,30765.198
2736,30476.0,38180.0,30722.672
2737,30476.0,37734.0,30769.214
2738,30476.0,37279.0,30710.45
2739,30476.0,37045.0,30718.05
2740,30476.0,38111.0,30689.75
2741,30476.0,37591.0,30728.06
2742,30476.0,37273.0,30760.114
2743,30476.0,38191.0,30769.356
2744,30476.0,37928.0,30802.904
2745,30476.0,36982.0,30797.868
2746,30476.0,37873.0,30860.06
2747,30476.0,38064.0,30850.402
2748,30476.0,37238.0,30755.696
2749,30476.0,36992.0,30768.372
2750,30476.0,37713.0,30727.662
2751,30476.0,37709.0,30800.622
2752,30476.0,38212.0,30790.252
2753,30476.0,38105.0,30712.56
2754,30476.0,37851.0,30725.06
2755,30476.0,37467.0,30860.798
2756,30476.0,38146.0,30740.886
2757,30476.0,37529.0,30786.082
2758,30476.0,37362.0,30807.476
2759,30476.0,38456.0,30853.61
2760,30476.0,38133.0,30794.708
2761,30476.0,37566.0,30776.046
2762,30476.0,37740.0,30723.138
2763,30476.0,36895.0,30804.584
2764,30476.0,37415.0,30736.114
2765,30476.0,37582.0,30870.112
2766,30476.0,37649.0,30814.958
2767,30476.0,37240.0,30760.316
2768,30476.0,37689.0,30810.27
2769,30476.0,37368.0,30701.144
2770,30476.0,36800.0,30744.152
2771,30476.0,37993.0,30815.312
2772,30476.0,37667.0,30818.26
2773,30476.0,38068.0,30722.34
2774,30476.0,38172.0,30779.256
2775,30476.0,36606.0,30735.33
2776,30476.0,36867.0,30797.438
2777,30476.0,37604.0,30729.642
2778,30476.0,37069.0,30730.772
2779,30476.0,36975.0,30722.978
2780,30476.0,38194.0,30725.876
2781,30476.0,37659.0,30814.206
2782,30476.0,37825.0,30750.358
2783,30476.0,37326.0,30812.602
2784,30476.0,37359.0,30714.628
2785,30476.0,37600.0,30752.858
2786,30476.0,37548.0,30774.762
2787,30476.0,37465.0,30676.342
2788,30476.0,36786.0,30759.426
2789,30476.0,37672.0,30781.02
2790,30476.0,38091.0,30807.068
2791,30476.0,36402.0,30768.814
2792,30476.0,37689.0,30752.104
2793,30476.0,37915.0,30885.598
2794,30476.0,37132.0,30723.936
2795,30476.0,37824.0,30767.674
2796,30476.0,36745.0,30708.93
2797,30476.0,35349.0,30694.628
2798,30476.0,37724.0,30791.878
2799,30476.0,37848.0,30831.528
2800,30476.0,37811.0,30840.832
2801,30476.0,38456.0,30840.632
2802,30476.0,37589.0,30730.578
2803,30476.0,38157.0,30765.064
2804,30476.0,38015.0,30735.754
2805,30476.0,37676.0,30773.452
2806,30476.0,36264.0,30757.572
2807,30476.0,37098.0,30659.864
2808,30476.0,36374.0,30678.31
2809,30476.0,37995.0,30754.396
2810,30476.0,37731.0,30770.484
2811,30476.0,37517.0,30768.482
2812,30476.0,38027.0,30698.086
2813,30476.0,37431.0,30760.962
2814,30476.0,38049.0,30722.354
2815,30476.0,37650.0,30735.608
2816,30476.0,37969.0,30743.944
2817,30476.0,37401.0,30772.43
2818,30476.0,37259.0,30828.878
2819,30476.0,37753.0,30829.258
2820,30476.0,38218.0,30792.46
2821,30476.0,37500.0,30835.452
2822,30476.0,37788.0,30810.876
2823,30476.0,37915.0,30780.482
2824,30476.0,37556.0,30764.704
2825,30476.0,37813.0,30746.976
2826,30476.0,38070.0,30811.45
2827,30476.0,37564.0,30773.89
2828,30476.0,37061.0,30746.902
2829,30476.0,37663.0,30754.906
2830,30476.0,36944.0,30718.948
2831,30476.0,37899.0,30892.004
2832,30476.0,37770.0,30752.85
2833,30476.0,38180.0,30744.514
2834,30476.0,38010.0,30743.36
2835,30476.0,38617.0,30788.588
2836,30476.0,37307.0,30739.47
2837,30476.0,37876.0,30759.82
2838,30476.0,37890.0,30732.742
2839,30476.0,38206.0,30855.912
2840,30476.0,36863.0,30672.112
2841,30476.0,44046.0,30795.174
2842,30476.0,37579.0,30701.776
2843,30476.0,37265.0,30736.96
2844,30476.0,37368.0,30698.3
2845,30476.0,37281.0,30806.906
2846,30476.0,37894.0,30710.762
2847,30476.0,37783.0,30811.538
2848,30476.0,38099.0,30758.01
2849,30476.0,38036.0,30837.462
2850,30476.0,38075.0,30741.08
2851,30476.0,37528.0,30678.786
2852,30476.0,37873.0,30740.232
2853,30476.0,37718.0,30792.446
2854,30476.0,36764.0,30705.796
2855,30476.0,38405.0,30769.2
2856,30476.0,38315.0,30842.862
2857,30476.0,36690.0,30658.558
2858,30476.0,37757.0,30797.874
2859,30476.0,37644.0,30744.386
2860,30476.0,37949.0,30791.992
2861,30476.0,37925.0,30709.294
2862,30476.0,37543.0,30802.444
2863,30476.0,37641.0,30809.766
2864,30476.0,38501.0,30740.552
2865,30476.0,37412.0,30721.442
2866,30476.0,36639.0,30770.886
2867,30476.0,37794.0,30772.716
2868,30476.0,37360.0,30731.022
2869,30476.0,37721.0,30750.454
2870,30476.0,37788.0,30837.422
2871,30476.0,37528.0,30782.6
2872,30476.0,37261.0,30687.07
2873,30476.0,37362.0,30744.268
2874,30476.0,37915.0,30759.768
2875,30476.0,37641.0,30760.81
2876,30476.0,36615.0,30770.908
2877,30476.0,36792.0,30697.818
2878,30476.0,37754.0,30672.35
2879,30476.0,38049.0,30784.326
2880,30476.0,37991.0,30851.004
2881,30476.0,37674.0,30742.396
2882,30476.0,37751.0,30716.658
2883,30476.0,37899.0,30896.846
2884,30476.0,37619.0,30830.738
2885,30476.0,37751.0,30772.066
2886,30476.0,37173.0,30708.898
2887,30476.0,37813.0,30833.716
2888,30476.0,37571.0,30800.408
2889,30476.0,37317.0,30840.656
2890,30476.0,36897.0,30692.462
2891,30476.0,37732.0,30776.622
2892,30476.0,37528.0,30844.69
2893,30476.0,37288.0,30811.518
2894,30476.0,37575.0,30754.154
2895,30476.0,37616.0,30755.18
2896,30476.0,37622.0,30760.322
2897,30476.0,37963.0,30751.374
2898,30476.0,37446.0,30718.24
2899,30476.0,37843.0,30835.97
2900,30476.0,36921.0,30688.464
2901,30476.0,37863.0,30764.786
2902,30476.0,37573.0,30744.184
2903,30476.0,37949.0,30817.886
2904,30476.0,37047.0,30751.468
2905,30476.0,38198.0,30759.56
2906,30476.0,38061.0,30835.908
2907,30476.0,37350.0,30807.514
2908,30476.0,37628.0,30803.042
2909,30476.0,37524.0,30752.946
2910,30476.0,37689.0,30641.004
2911,30476.0,38174.0,30803.236
2912,30476.0,36950.0,30701.614
2913,30476.0,38105.0,30740.072
2914,30476.0,37837.0,30750.79
2915,30476.0,37883.0,30759.958
2916,30476.0,37860.0,30716.354
2917,30476.0,38099.0,30830.71
2918,30476.0,37506.0,30734.49
2919,30476.0,37745.0,30787.874
2920,30476.0,37758.0,30805.352
2921,30476.0,37269.0,30706.768
2922,30476.0,37757.0,30712.658
2923,30476.0,37447.0,30793.98
2924,30476.0,36839.0,30740.018
2925,30476.0,37969.0,30789.726
2926,30476.0,37862.0,30751.252
2927,30476.0,38064.0,30796.434
2928,30476.0,39808.0,30772.358
2929,30476.0,37401.0,30738.98
2930,30476.0,37497.0,30763.476
2931,30476.0,37661.0,30723.266
2932,30476.0,38198.0,30692.97
2933,30476.0,37395.0,30721.326
2934,30476.0,37740.0,30741.304
2935,30476.0,38301.0,30712.908
2936,30476.0,37143.0,30857.88
2937,30476.0,37718.0,30795.374
2938,30476.0,38170.0,30750.19
2939,30476.0,37991.0,30777.766
2940,30476.0,37569.0,30746.71
2941,30476.0,37230.0,30742.95
2942,30476.0,36671.0,30697.682
2943,30476.0,37651.0,30750.934
2944,30476.0,37589.0,30779.122
2945,30476.0,38364.0,30736.426
2946,30476.0,37732.0,30825.138
2947,30476.0,37913.0,30768.536
2948,30476.0,37531.0,30726.27
2949,30476.0,36853.0,30760.46
2950,30476.0,36900.0,30812.886
2951,30476.0,37827.0,30813.068
2952,30476.0,36526.0,30700.214
2953,30476.0,37533.0,30767.03
2954,30476.0,36651.0,30701.346
2955,30476.0,37745.0,30846.118
2956,30476.0,37414.0,30802.694
2957,30476.0,37205.0,30709.724
2958,30476.0,37178.0,30696.214
2959,30476.0,37363.0,30765.362
2960,30476.0,37079.0,30770.622
2961,30476.0,37990.0,30833.386
2962,30476.0,37173.0,30717.148
2963,30476.0,37989.0,30757.33
2964,30476.0,36681.0,30720.422
2965,30476.0,37247.0,30797.654
2966,30476.0,36623.0,30629.358
2967,30476.0,37728.0,30835.062
2968,30476.0,37229.0,30707.364
2969,30476.0,37754.0,30790.884
2970,30476.0,37316.0,30720.514
2971,30476.0,37461.0,30778.106
2972,30476.0,37613.0,30749.066
2973,30476.0,37713.0,30694.98
2974,30476.0,37418.0,30791.142
2975,30476.0,37325.0,30705.186
2976,30476.0,37288.0,30849.634
2977,30476.0,37500.0,30780.612
2978,30476.0,37911.0,30819.076
2979,30476.0,38064.0,30852.594
2980,30476.0,38198.0,30763.196
2981,30476.0,37517.0,30720.77
2982,30476.0,37853.0,30760.824
2983,30476.0,37851.0,30792.04
2984,30476.0,37995.0,30700.678
2985,30476.0,36515.0,30692.958
2986,30476.0,37863.0,30673.192
2987,30476.0,36909.0,30806.868
2988,30476.0,37883.0,30703.408
2989,30476.0,37603.0,30698.472
2990,30476.0,37193.0,30695.814
2991,30476.0,37847.0,30750.958
2992,30476.0,36769.0,30678.68
2993,30476.0,37813.0,30732.622
2994,30476.0,37904.0,30811.614
2995,30476.0,37837.0,30708.238
2996,30476.0,37524.0,30720.264
2997,30476.0,37753.0,30703.6
2998,30476.0,37368.0,30781.914
2999,30476.0,38315.0,30745.79
3000,30476.0,37758.0,30838.176
